,url,price,title,distance,description,location,time_offset,retreived
1471494251,/v-baby-clothes-9-12-months/city-of-toronto/gagou-tagou-baby-winter-snowsuit-jacket-pram-12m-months/1471494251,10.0,Gagou Tagou Baby Winter Snowsuit Jacket Pram 12M months,,"Gagou Tagou Baby Winter Snowsuit Jacket Pram 12M months -Great used condition, no weird stains -Comes from a smoke-free, pet free home -Double zipper for easy access -Double fleece layer and lined ...",City of Toronto,< 5 hours ago,2020-10-06 11:48:57.182095
1528169993,/v-baby-clothes-9-12-months/city-of-toronto/girls-dresses-long-sleeve-shirts-sweater-pjs-9-months/1528169993,10.0,"Girls dresses, long sleeve shirts, sweater, PJs - 9 months",,From a smoke/pet free home. - Childrens Place - Carters - Oshkosh ******* see other ads for more infant/girl postings *******,City of Toronto,< 7 hours ago,2020-10-06 11:48:57.182599
1528144050,/v-baby-clothes-9-12-months/city-of-toronto/lot-of-9-12-month-boy-clothes-in-good-condition/1528144050,15.0,Lot of 9-12 month Boy Clothes in good condition,,416-284-0811 FINAL firm PRICE Lot of 9-12 month Boy Clothes in good condition also other boy and girl lots for sale and shoes,City of Toronto,< 15 hours ago,2020-10-06 11:48:57.183089
1528141327,/v-baby-clothes-9-12-months/city-of-toronto/lot-of-6-12-month-baby-girl-clothes-in-usable-condition/1528141327,15.0,Lot of 6-12 month Baby Girl Clothes in usable condition,,416-284-0811 no text FINAL PRICE no offers not less Lot of 6-12 month Baby Girl Clothes in usable condition also other lots for sale,City of Toronto,< 16 hours ago,2020-10-06 11:48:57.183576
1528111014,/v-baby-clothes-9-12-months/city-of-toronto/baby-gap-gingham-dress-6-12-months-euc/1528111014,7.0,Baby Gap gingham dress 6-12 months EUC,,"Excellent condition, comes with bloomers",City of Toronto,< 19 hours ago,2020-10-06 11:48:57.184065
1528108368,/v-baby-clothes-9-12-months/city-of-toronto/baby-gap-polka-dot-denim-dress-6-12-months-like-new/1528108368,6.0,Baby Gap polka dot denim dress 6-12 months Like-New,,"Like-New, worn only a few times",City of Toronto,< 19 hours ago,2020-10-06 11:48:57.184560
1485394369,/v-baby-clothes-9-12-months/city-of-toronto/free-hat-mittens-with-purchased-brand-new-12-month-old-clothing/1485394369,8.0,Free hat/mittens with purchased Brand New 12 month old clothing,,"Brand New 12 month old clothing x2 , free hat/mittens total: $ 8 or the best offer ,First come first served!",City of Toronto,< 20 hours ago,2020-10-06 11:48:57.185056
1528084819,/v-baby-clothes-9-12-months/city-of-toronto/polo-ralph-lauren-boys-fall-bundle-12m-excellent-condition/1528084819,30.0,Polo Ralph Lauren boys fall bundle - 12m Excellent condition,,"Polo Ralph Lauren boys 12m bundle. Excellent condition. Dress pants, dress shirt and two long sleeve shirts.",City of Toronto,< 21 hours ago,2020-10-06 11:48:57.185556
1528060026,/v-baby-clothes-9-12-months/city-of-toronto/grobag-6-18-month-2-5-tog/1528060026,30.0,Grobag 6-18 Month 2.5 Tog,,Like new condition,City of Toronto,< 23 hours ago,2020-10-06 11:48:57.186048
1497004342,/v-baby-clothes-9-12-months/city-of-toronto/stride-rite-shoes-used-like-new-size-11-m/1497004342,10.0,Stride Rite shoes ( used like new ) size 11 M,,"Hardly used. Please contact me Posted by wasi in baby items, clothing - 9-12 months in Toronto (GTA), City of Toronto.",City of Toronto,04/10/2020,2020-10-06 11:48:57.186537
1497001255,/v-baby-clothes-9-12-months/city-of-toronto/stride-rite-shoes-used-great-condition-size-1-year-old/1497001255,10.0,Stride Rite shoes ( used great condition).size 1 year old,,Stride Rite shoes ( used great condition).size 1 year,City of Toronto,04/10/2020,2020-10-06 11:48:57.187033
1497002502,/v-baby-clothes-9-12-months/city-of-toronto/nike-shoes-like-new-size-1-year/1497002502,10.0,Nike shoes ( like new ) size 1 year,,"Hardly used. My son didn't learn how to try them Please contact. Posted by wasi in baby items, clothing - 9-12 months in Toronto (GTA), City of Toronto.",City of Toronto,04/10/2020,2020-10-06 11:48:57.187524
1527957890,/v-baby-clothes-9-12-months/city-of-toronto/girls-oshkosh-snowsuit/1527957890,10.0,Girls Oshkosh snowsuit,,"Girls floral Oshkosh snowsuit - size 12m. Jacket comes with matching snowpants. Very warm. In very good used condition. Only used for 1 season. From smoke free, Covid free home.",City of Toronto,04/10/2020,2020-10-06 11:48:57.188016
1527949913,/v-baby-clothes-9-12-months/city-of-toronto/baby-girl-clothes-fall-winter-collection-6-12-months/1527949913,25.0,Baby girl clothes. Fall/winter collection 6-12 Months,,Gently used baby girl clothes. Super cute and in good condition. Warm and suitable for fall/winter. Smoke free home.,City of Toronto,04/10/2020,2020-10-06 11:48:57.188507
1527948898,/v-baby-clothes-9-12-months/city-of-toronto/university-of-waterloo-onesie-12-months/1527948898,10.0,University of Waterloo onesie 12 months,,Super cute Onesie. 12 Months Smoke free home Great condition,City of Toronto,04/10/2020,2020-10-06 11:48:57.189003
1527944345,/v-baby-clothes-9-12-months/city-of-toronto/gap-baby-winter-snowsuit-6-12-months-cute-winter-hat/1527944345,55.0,Gap Baby Winter Snowsuit 6-12 months & Cute Winter Hat,,Great condition. Pick up only. Snowsuit only $45 Hat only $10,City of Toronto,04/10/2020,2020-10-06 11:48:57.189497
1527941260,/v-baby-clothes-9-12-months/city-of-toronto/kids-snow-pants-size-12-m/1527941260,20.0,Kids snow pants size 12 m,,I'm selling kids snow pants size 12 m Only for 20$ Smoke free and pet free environment,City of Toronto,04/10/2020,2020-10-06 11:48:57.189993
1527892550,/v-baby-clothes-9-12-months/city-of-toronto/like-new-polo-9-month-pajama/1527892550,4.0,like new polo 9 month pajama,,no tags because i washed it but it was never worn. like new.,City of Toronto,04/10/2020,2020-10-06 11:48:57.190538
1527883445,/v-baby-clothes-9-12-months/city-of-toronto/baby-gap-2-piece-knit-set-6-12-months-like-new/1527883445,8.0,Baby Gap 2-piece knit set 6-12 months Like-New,,"Like-new condition. Very cute on, fit my daughter from 6 months until almost 18 months. Washed separately with unscented detergent & air dried",City of Toronto,04/10/2020,2020-10-06 11:48:57.191046
1527880323,/v-baby-clothes-9-12-months/city-of-toronto/burberry-navy-long-sleeve-shirt-baby-boy-size-12-months/1527880323,25.0,Burberry Navy long sleeve shirt- Baby Boy Size 12 months,,Burberry Navy Long Sleeve - Baby Boy Size 12 months In excellent used condition Pick up at Eglinton and Victoria Park Area,City of Toronto,04/10/2020,2020-10-06 11:48:57.191537
1527879751,/v-baby-clothes-9-12-months/city-of-toronto/burberry-red-t-shirt-baby-boy-size-12-months/1527879751,20.0,Burberry Red T-shirt - Baby Boy Size 12 months,,Burberry Red T-shirt - Baby Boy Size 12 months In excellent used condition Pick up at Eglinton and Victoria Park Area,City of Toronto,04/10/2020,2020-10-06 11:48:57.192025
1527864239,/v-baby-clothes-9-12-months/city-of-toronto/7-a-m-enfant-snowsuit/1527864239,60.0,7 A.M. Enfant snowsuit,,7 A.M. Enfant Doudoune infant snowsuit. With fleece scarf. Convertible for stroller or baby wearing in a baby carrier. Very cozy and good for cold temperatures. Fits 6-12 months. EUC. $60. Pick-up in ...,City of Toronto,04/10/2020,2020-10-06 11:48:57.192513
1527834812,/v-baby-clothes-9-12-months/city-of-toronto/baby-clothes-size-nb-6-6-12-12-18-18-24-2-3-yr/1527834812,15.0,"Baby clothes Size NB-6, 6-12, 12-18, 18-24, 2-3 yr",,"Baby clothes Size NB-6, 6-12, 12-18, 18-24, 2-3 yr Lot 1 Size NB-6 month $15 Lot 2 Size 6-12 month - $15 Lot 3 Size 12-18 month $15 Lot 4 Size 18-24 month $15 Lot 5 Size 2-3 year - $25 Selling All 5 ...",City of Toronto,04/10/2020,2020-10-06 11:48:57.193004
1527816287,/v-baby-clothes-9-12-months/city-of-toronto/mexx-toddler-jacket-with-hat-9-12-months-for-15/1527816287,15.0,Mexx toddler jacket with hat 9-12 months for $15,,Like new condition. Porch pick up at anytime near by Eglinton and Kipling. Welcome to see my other kids shoes and clothes.,City of Toronto,04/10/2020,2020-10-06 11:48:57.193492
1527792326,/v-baby-clothes-9-12-months/city-of-toronto/tommy-hilfiger-denim-dress-12-months/1527792326,5.0,Tommy Hilfiger denim dress 12 months,,"Excellent condition, smoke-free home",City of Toronto,04/10/2020,2020-10-06 11:48:57.193983
1488934219,/v-baby-clothes-9-12-months/city-of-toronto/baby-girl-shoes-size-4/1488934219,10.0,Baby girl shoes size 4,,Baby girl shoes size 4. Great condition. One set is brand new,City of Toronto,04/10/2020,2020-10-06 11:48:57.194477
1527757379,/v-baby-clothes-9-12-months/city-of-toronto/little-girl-pyjamas-assorted-up-to-12-months/1527757379,10.0,Little girl pyjamas - assorted - up to 12 months,,"As seen in photo. If you’re seeing this ad, it’s available! Little girl clothes, up to 12 months. Gently used; no wears, tears, or stains. Machine washed and ready to sell! Take everything seen in ...",City of Toronto,04/10/2020,2020-10-06 11:48:57.194980
1527757332,/v-baby-clothes-9-12-months/city-of-toronto/little-girl-pyjamas-up-to-12-months/1527757332,10.0,Little girl pyjamas - up to 12 months,,"As seen in photo. If you’re seeing this ad, it’s available! Little girl clothes, up to 12 months. Gently used; no wears, tears, or stains. Machine washed and ready to sell! Take everything seen in ...",City of Toronto,04/10/2020,2020-10-06 11:48:57.195475
1527757278,/v-baby-clothes-9-12-months/city-of-toronto/little-girl-clothes-assorted-up-to-12-months/1527757278,10.0,Little girl clothes - assorted - up to 12 months,,"As seen in photo. If you’re seeing this ad, it’s available! Little girl clothes, up to 12 months. Gently used; no wears, tears, or stains. Machine washed and ready to sell! Take everything seen in ...",City of Toronto,04/10/2020,2020-10-06 11:48:57.195977
1527757218,/v-baby-clothes-9-12-months/city-of-toronto/little-girl-outfits-up-to-12-months-assorted/1527757218,15.0,Little Girl Outfits - up to 12 months - assorted,,"As seen in photo. If you’re seeing this ad, it’s available! Little girl clothes, up to 12 months. Gently used; no wears, tears, or stains. Machine washed and ready to sell! Take everything seen in ...",City of Toronto,04/10/2020,2020-10-06 11:48:57.196472
1527757123,/v-baby-clothes-9-12-months/city-of-toronto/little-girl-swimwear-up-to-12-months/1527757123,10.0,Little girl swimwear - up to 12 months,,"As seen in photo. If you’re seeing this ad, it’s available! Little girl clothes, up to 12 months. Gently used; no wears, tears, or stains. Machine washed and ready to sell! Take everything seen in ...",City of Toronto,04/10/2020,2020-10-06 11:48:57.196974
1527757037,/v-baby-clothes-9-12-months/city-of-toronto/little-girl-pyjamas-up-to-12-months/1527757037,10.0,Little girl pyjamas - up to 12 months,,"As seen in photo. If you’re seeing this ad, it’s available! Little girl clothes, up to 12 months. Gently used; no wears, tears, or stains. Machine washed and ready to sell! Take everything seen in ...",City of Toronto,04/10/2020,2020-10-06 11:48:57.197470
1527756966,/v-baby-clothes-9-12-months/city-of-toronto/little-girl-outfits-assorted-up-to-12-months/1527756966,10.0,Little Girl Outfits- assorted - up to 12 months,,"As seen in photo. If you’re seeing this ad, it’s available! Little girl clothes, up to 12 months. Gently used; no wears, tears, or stains. Machine washed and ready to sell! Take everything seen in ...",City of Toronto,04/10/2020,2020-10-06 11:48:57.197964
1527755447,/v-baby-clothes-9-12-months/city-of-toronto/little-girl-swimsuit-9-months/1527755447,5.0,Little Girl Swimsuit - 9 months,,"As seen in photo. If you’re seeing this ad, it’s available! Little girl swimsuit, up to 9 months. Gently used; no wears, tears, or stains. Machine washed and ready to sell! Take everything seen in ...",City of Toronto,04/10/2020,2020-10-06 11:48:57.198463
1527755343,/v-baby-clothes-9-12-months/city-of-toronto/2-little-girl-pyjamas-9-months/1527755343,5.0,2 Little Girl Pyjamas - 9 months,,"As seen in photo. If you’re seeing this ad, it’s available! Little girl clothes, up to 9 months. Gently used; no wears, tears, or stains. Machine washed and ready to sell! Take everything seen in ...",City of Toronto,04/10/2020,2020-10-06 11:48:57.199016
1527755260,/v-baby-clothes-9-12-months/city-of-toronto/little-girl-outfits-up-to-12-months/1527755260,5.0,Little Girl Outfits - up to 12 months,,"As seen in photo. If you’re seeing this ad, it’s available! Little girl clothes, up to 12 months. Gently used; no wears, tears, or stains. Machine washed and ready to sell! Take everything seen in ...",City of Toronto,04/10/2020,2020-10-06 11:48:57.199518
1527755019,/v-baby-clothes-9-12-months/city-of-toronto/2-girl-outfits-12-months/1527755019,10.0,2 Girl Outfits - 12 months,,"As seen in photo. If you’re seeing this ad, it’s available! Little girl outfits, up to 12 months. Gently used; no wears, tears, or stains. Machine washed and ready to sell! Take everything seen in ...",City of Toronto,04/10/2020,2020-10-06 11:48:57.200010
1527754907,/v-baby-clothes-9-12-months/city-of-toronto/girl-outfits-up-to-12-months/1527754907,20.0,Girl Outfits up to 12 months,,"As seen in photo. If you’re seeing this ad, it’s available! Little girl clothes, up to 12 months. Gently used; no wears, tears, or stains. Machine washed and ready to sell! Take everything seen in ...",City of Toronto,04/10/2020,2020-10-06 11:48:57.200549
1527754799,/v-baby-clothes-9-12-months/city-of-toronto/2-girl-onesie-pyjamas-12-months/1527754799,5.0,2 Girl Onesie Pyjamas - 12 months,,"As seen in photo. If you’re seeing this ad, it’s available! Little girl pjs, 12 months. Gently used; no wears, tears, or stains. Machine washed and ready to sell! Take everything seen in this photo ...",City of Toronto,04/10/2020,2020-10-06 11:48:57.201051
1527742651,/v-baby-clothes-9-12-months/city-of-toronto/slightly-used-12-month-boy-winter-coat-warm-and-nice-in-excelle/1527742651,15.0,"Slightly used 12 month Boy Winter Coat, warm and nice in excelle",,"416-284-0811 FIRM PRICE Slightly used 12 month Boy Winter Coat, warm and nice in excellent condition also other clothes and shoes for sale",City of Toronto,03/10/2020,2020-10-06 11:48:57.201545
1471494251,/v-baby-clothes-9-12-months/city-of-toronto/gagou-tagou-baby-winter-snowsuit-jacket-pram-12m-months/1471494251,10.0,Gagou Tagou Baby Winter Snowsuit Jacket Pram 12M months,,"Gagou Tagou Baby Winter Snowsuit Jacket Pram 12M months -Great used condition, no weird stains -Comes from a smoke-free, pet free home -Double zipper for easy access -Double fleece layer and lined ...",City of Toronto,< 5 hours ago,2020-10-06 11:48:58.914819
1528169993,/v-baby-clothes-9-12-months/city-of-toronto/girls-dresses-long-sleeve-shirts-sweater-pjs-9-months/1528169993,10.0,"Girls dresses, long sleeve shirts, sweater, PJs - 9 months",,From a smoke/pet free home. - Childrens Place - Carters - Oshkosh ******* see other ads for more infant/girl postings *******,City of Toronto,< 7 hours ago,2020-10-06 11:48:58.915349
1528144050,/v-baby-clothes-9-12-months/city-of-toronto/lot-of-9-12-month-boy-clothes-in-good-condition/1528144050,15.0,Lot of 9-12 month Boy Clothes in good condition,,416-284-0811 FINAL firm PRICE Lot of 9-12 month Boy Clothes in good condition also other boy and girl lots for sale and shoes,City of Toronto,< 15 hours ago,2020-10-06 11:48:58.915885
1528141327,/v-baby-clothes-9-12-months/city-of-toronto/lot-of-6-12-month-baby-girl-clothes-in-usable-condition/1528141327,15.0,Lot of 6-12 month Baby Girl Clothes in usable condition,,416-284-0811 no text FINAL PRICE no offers not less Lot of 6-12 month Baby Girl Clothes in usable condition also other lots for sale,City of Toronto,< 16 hours ago,2020-10-06 11:48:58.916525
1528111014,/v-baby-clothes-9-12-months/city-of-toronto/baby-gap-gingham-dress-6-12-months-euc/1528111014,7.0,Baby Gap gingham dress 6-12 months EUC,,"Excellent condition, comes with bloomers",City of Toronto,< 19 hours ago,2020-10-06 11:48:58.917137
1528108368,/v-baby-clothes-9-12-months/city-of-toronto/baby-gap-polka-dot-denim-dress-6-12-months-like-new/1528108368,6.0,Baby Gap polka dot denim dress 6-12 months Like-New,,"Like-New, worn only a few times",City of Toronto,< 19 hours ago,2020-10-06 11:48:58.917633
1485394369,/v-baby-clothes-9-12-months/city-of-toronto/free-hat-mittens-with-purchased-brand-new-12-month-old-clothing/1485394369,8.0,Free hat/mittens with purchased Brand New 12 month old clothing,,"Brand New 12 month old clothing x2 , free hat/mittens total: $ 8 or the best offer ,First come first served!",City of Toronto,< 20 hours ago,2020-10-06 11:48:58.918130
1528084819,/v-baby-clothes-9-12-months/city-of-toronto/polo-ralph-lauren-boys-fall-bundle-12m-excellent-condition/1528084819,30.0,Polo Ralph Lauren boys fall bundle - 12m Excellent condition,,"Polo Ralph Lauren boys 12m bundle. Excellent condition. Dress pants, dress shirt and two long sleeve shirts.",City of Toronto,< 21 hours ago,2020-10-06 11:48:58.918642
1528060026,/v-baby-clothes-9-12-months/city-of-toronto/grobag-6-18-month-2-5-tog/1528060026,30.0,Grobag 6-18 Month 2.5 Tog,,Like new condition,City of Toronto,< 23 hours ago,2020-10-06 11:48:58.919139
1497004342,/v-baby-clothes-9-12-months/city-of-toronto/stride-rite-shoes-used-like-new-size-11-m/1497004342,10.0,Stride Rite shoes ( used like new ) size 11 M,,"Hardly used. Please contact me Posted by wasi in baby items, clothing - 9-12 months in Toronto (GTA), City of Toronto.",City of Toronto,04/10/2020,2020-10-06 11:48:58.919627
1497001255,/v-baby-clothes-9-12-months/city-of-toronto/stride-rite-shoes-used-great-condition-size-1-year-old/1497001255,10.0,Stride Rite shoes ( used great condition).size 1 year old,,Stride Rite shoes ( used great condition).size 1 year,City of Toronto,04/10/2020,2020-10-06 11:48:58.920150
1497002502,/v-baby-clothes-9-12-months/city-of-toronto/nike-shoes-like-new-size-1-year/1497002502,10.0,Nike shoes ( like new ) size 1 year,,"Hardly used. My son didn't learn how to try them Please contact. Posted by wasi in baby items, clothing - 9-12 months in Toronto (GTA), City of Toronto.",City of Toronto,04/10/2020,2020-10-06 11:48:58.920763
1527957890,/v-baby-clothes-9-12-months/city-of-toronto/girls-oshkosh-snowsuit/1527957890,10.0,Girls Oshkosh snowsuit,,"Girls floral Oshkosh snowsuit - size 12m. Jacket comes with matching snowpants. Very warm. In very good used condition. Only used for 1 season. From smoke free, Covid free home.",City of Toronto,04/10/2020,2020-10-06 11:48:58.921352
1527949913,/v-baby-clothes-9-12-months/city-of-toronto/baby-girl-clothes-fall-winter-collection-6-12-months/1527949913,25.0,Baby girl clothes. Fall/winter collection 6-12 Months,,Gently used baby girl clothes. Super cute and in good condition. Warm and suitable for fall/winter. Smoke free home.,City of Toronto,04/10/2020,2020-10-06 11:48:58.921902
1527948898,/v-baby-clothes-9-12-months/city-of-toronto/university-of-waterloo-onesie-12-months/1527948898,10.0,University of Waterloo onesie 12 months,,Super cute Onesie. 12 Months Smoke free home Great condition,City of Toronto,04/10/2020,2020-10-06 11:48:58.922425
1527944345,/v-baby-clothes-9-12-months/city-of-toronto/gap-baby-winter-snowsuit-6-12-months-cute-winter-hat/1527944345,55.0,Gap Baby Winter Snowsuit 6-12 months & Cute Winter Hat,,Great condition. Pick up only. Snowsuit only $45 Hat only $10,City of Toronto,04/10/2020,2020-10-06 11:48:58.923201
1527941260,/v-baby-clothes-9-12-months/city-of-toronto/kids-snow-pants-size-12-m/1527941260,20.0,Kids snow pants size 12 m,,I'm selling kids snow pants size 12 m Only for 20$ Smoke free and pet free environment,City of Toronto,04/10/2020,2020-10-06 11:48:58.924427
1527892550,/v-baby-clothes-9-12-months/city-of-toronto/like-new-polo-9-month-pajama/1527892550,4.0,like new polo 9 month pajama,,no tags because i washed it but it was never worn. like new.,City of Toronto,04/10/2020,2020-10-06 11:48:58.925092
1527883445,/v-baby-clothes-9-12-months/city-of-toronto/baby-gap-2-piece-knit-set-6-12-months-like-new/1527883445,8.0,Baby Gap 2-piece knit set 6-12 months Like-New,,"Like-new condition. Very cute on, fit my daughter from 6 months until almost 18 months. Washed separately with unscented detergent & air dried",City of Toronto,04/10/2020,2020-10-06 11:48:58.925688
1527880323,/v-baby-clothes-9-12-months/city-of-toronto/burberry-navy-long-sleeve-shirt-baby-boy-size-12-months/1527880323,25.0,Burberry Navy long sleeve shirt- Baby Boy Size 12 months,,Burberry Navy Long Sleeve - Baby Boy Size 12 months In excellent used condition Pick up at Eglinton and Victoria Park Area,City of Toronto,04/10/2020,2020-10-06 11:48:58.926196
1527879751,/v-baby-clothes-9-12-months/city-of-toronto/burberry-red-t-shirt-baby-boy-size-12-months/1527879751,20.0,Burberry Red T-shirt - Baby Boy Size 12 months,,Burberry Red T-shirt - Baby Boy Size 12 months In excellent used condition Pick up at Eglinton and Victoria Park Area,City of Toronto,04/10/2020,2020-10-06 11:48:58.926715
1527864239,/v-baby-clothes-9-12-months/city-of-toronto/7-a-m-enfant-snowsuit/1527864239,60.0,7 A.M. Enfant snowsuit,,7 A.M. Enfant Doudoune infant snowsuit. With fleece scarf. Convertible for stroller or baby wearing in a baby carrier. Very cozy and good for cold temperatures. Fits 6-12 months. EUC. $60. Pick-up in ...,City of Toronto,04/10/2020,2020-10-06 11:48:58.927217
1527834812,/v-baby-clothes-9-12-months/city-of-toronto/baby-clothes-size-nb-6-6-12-12-18-18-24-2-3-yr/1527834812,15.0,"Baby clothes Size NB-6, 6-12, 12-18, 18-24, 2-3 yr",,"Baby clothes Size NB-6, 6-12, 12-18, 18-24, 2-3 yr Lot 1 Size NB-6 month $15 Lot 2 Size 6-12 month - $15 Lot 3 Size 12-18 month $15 Lot 4 Size 18-24 month $15 Lot 5 Size 2-3 year - $25 Selling All 5 ...",City of Toronto,04/10/2020,2020-10-06 11:48:58.927810
1527816287,/v-baby-clothes-9-12-months/city-of-toronto/mexx-toddler-jacket-with-hat-9-12-months-for-15/1527816287,15.0,Mexx toddler jacket with hat 9-12 months for $15,,Like new condition. Porch pick up at anytime near by Eglinton and Kipling. Welcome to see my other kids shoes and clothes.,City of Toronto,04/10/2020,2020-10-06 11:48:58.928442
1527792326,/v-baby-clothes-9-12-months/city-of-toronto/tommy-hilfiger-denim-dress-12-months/1527792326,5.0,Tommy Hilfiger denim dress 12 months,,"Excellent condition, smoke-free home",City of Toronto,04/10/2020,2020-10-06 11:48:58.929083
1488934219,/v-baby-clothes-9-12-months/city-of-toronto/baby-girl-shoes-size-4/1488934219,10.0,Baby girl shoes size 4,,Baby girl shoes size 4. Great condition. One set is brand new,City of Toronto,04/10/2020,2020-10-06 11:48:58.929589
1527757379,/v-baby-clothes-9-12-months/city-of-toronto/little-girl-pyjamas-assorted-up-to-12-months/1527757379,10.0,Little girl pyjamas - assorted - up to 12 months,,"As seen in photo. If you’re seeing this ad, it’s available! Little girl clothes, up to 12 months. Gently used; no wears, tears, or stains. Machine washed and ready to sell! Take everything seen in ...",City of Toronto,04/10/2020,2020-10-06 11:48:58.930091
1527757332,/v-baby-clothes-9-12-months/city-of-toronto/little-girl-pyjamas-up-to-12-months/1527757332,10.0,Little girl pyjamas - up to 12 months,,"As seen in photo. If you’re seeing this ad, it’s available! Little girl clothes, up to 12 months. Gently used; no wears, tears, or stains. Machine washed and ready to sell! Take everything seen in ...",City of Toronto,04/10/2020,2020-10-06 11:48:58.930602
1527757278,/v-baby-clothes-9-12-months/city-of-toronto/little-girl-clothes-assorted-up-to-12-months/1527757278,10.0,Little girl clothes - assorted - up to 12 months,,"As seen in photo. If you’re seeing this ad, it’s available! Little girl clothes, up to 12 months. Gently used; no wears, tears, or stains. Machine washed and ready to sell! Take everything seen in ...",City of Toronto,04/10/2020,2020-10-06 11:48:58.931114
1527757218,/v-baby-clothes-9-12-months/city-of-toronto/little-girl-outfits-up-to-12-months-assorted/1527757218,15.0,Little Girl Outfits - up to 12 months - assorted,,"As seen in photo. If you’re seeing this ad, it’s available! Little girl clothes, up to 12 months. Gently used; no wears, tears, or stains. Machine washed and ready to sell! Take everything seen in ...",City of Toronto,04/10/2020,2020-10-06 11:48:58.931638
1527757123,/v-baby-clothes-9-12-months/city-of-toronto/little-girl-swimwear-up-to-12-months/1527757123,10.0,Little girl swimwear - up to 12 months,,"As seen in photo. If you’re seeing this ad, it’s available! Little girl clothes, up to 12 months. Gently used; no wears, tears, or stains. Machine washed and ready to sell! Take everything seen in ...",City of Toronto,04/10/2020,2020-10-06 11:48:58.932155
1527757037,/v-baby-clothes-9-12-months/city-of-toronto/little-girl-pyjamas-up-to-12-months/1527757037,10.0,Little girl pyjamas - up to 12 months,,"As seen in photo. If you’re seeing this ad, it’s available! Little girl clothes, up to 12 months. Gently used; no wears, tears, or stains. Machine washed and ready to sell! Take everything seen in ...",City of Toronto,04/10/2020,2020-10-06 11:48:58.932775
1527756966,/v-baby-clothes-9-12-months/city-of-toronto/little-girl-outfits-assorted-up-to-12-months/1527756966,10.0,Little Girl Outfits- assorted - up to 12 months,,"As seen in photo. If you’re seeing this ad, it’s available! Little girl clothes, up to 12 months. Gently used; no wears, tears, or stains. Machine washed and ready to sell! Take everything seen in ...",City of Toronto,04/10/2020,2020-10-06 11:48:58.933452
1527755447,/v-baby-clothes-9-12-months/city-of-toronto/little-girl-swimsuit-9-months/1527755447,5.0,Little Girl Swimsuit - 9 months,,"As seen in photo. If you’re seeing this ad, it’s available! Little girl swimsuit, up to 9 months. Gently used; no wears, tears, or stains. Machine washed and ready to sell! Take everything seen in ...",City of Toronto,04/10/2020,2020-10-06 11:48:58.934002
1527755343,/v-baby-clothes-9-12-months/city-of-toronto/2-little-girl-pyjamas-9-months/1527755343,5.0,2 Little Girl Pyjamas - 9 months,,"As seen in photo. If you’re seeing this ad, it’s available! Little girl clothes, up to 9 months. Gently used; no wears, tears, or stains. Machine washed and ready to sell! Take everything seen in ...",City of Toronto,04/10/2020,2020-10-06 11:48:58.934533
1527755260,/v-baby-clothes-9-12-months/city-of-toronto/little-girl-outfits-up-to-12-months/1527755260,5.0,Little Girl Outfits - up to 12 months,,"As seen in photo. If you’re seeing this ad, it’s available! Little girl clothes, up to 12 months. Gently used; no wears, tears, or stains. Machine washed and ready to sell! Take everything seen in ...",City of Toronto,04/10/2020,2020-10-06 11:48:58.935145
1527755019,/v-baby-clothes-9-12-months/city-of-toronto/2-girl-outfits-12-months/1527755019,10.0,2 Girl Outfits - 12 months,,"As seen in photo. If you’re seeing this ad, it’s available! Little girl outfits, up to 12 months. Gently used; no wears, tears, or stains. Machine washed and ready to sell! Take everything seen in ...",City of Toronto,04/10/2020,2020-10-06 11:48:58.935740
1527754907,/v-baby-clothes-9-12-months/city-of-toronto/girl-outfits-up-to-12-months/1527754907,20.0,Girl Outfits up to 12 months,,"As seen in photo. If you’re seeing this ad, it’s available! Little girl clothes, up to 12 months. Gently used; no wears, tears, or stains. Machine washed and ready to sell! Take everything seen in ...",City of Toronto,04/10/2020,2020-10-06 11:48:58.936291
1527754799,/v-baby-clothes-9-12-months/city-of-toronto/2-girl-onesie-pyjamas-12-months/1527754799,5.0,2 Girl Onesie Pyjamas - 12 months,,"As seen in photo. If you’re seeing this ad, it’s available! Little girl pjs, 12 months. Gently used; no wears, tears, or stains. Machine washed and ready to sell! Take everything seen in this photo ...",City of Toronto,04/10/2020,2020-10-06 11:48:58.936788
1527742651,/v-baby-clothes-9-12-months/city-of-toronto/slightly-used-12-month-boy-winter-coat-warm-and-nice-in-excelle/1527742651,15.0,"Slightly used 12 month Boy Winter Coat, warm and nice in excelle",,"416-284-0811 FIRM PRICE Slightly used 12 month Boy Winter Coat, warm and nice in excellent condition also other clothes and shoes for sale",City of Toronto,03/10/2020,2020-10-06 11:48:58.937284
1496184664,/v-baby-clothes-9-12-months/city-of-toronto/gap-baby-cold-snowsuit/1496184664,30.0,Gap baby cold snowsuit,,In very good condition. Selling because it is too samll for my baby.,City of Toronto,03/10/2020,2020-10-06 11:49:02.815864
1527724070,/v-baby-clothes-9-12-months/city-of-toronto/canada-goose-snowsuit-6-12-months/1527724070,300.0,Canada Goose Snowsuit 6-12 months,,Size 6-12 months. Red snowsuit. Worn twice. Perfect condition. Pickup only. Victor avenue near Broadview and Gerrard,City of Toronto,03/10/2020,2020-10-06 11:49:02.816365
1527578751,/v-baby-clothes-9-12-months/city-of-toronto/burberry-baby-dress/1527578751,60.0,Burberry Baby Dress,,"Authentic Burberry baby dress, worn only a couple of times. In perfect condition, lined, beautiful quality. 12m. I am including a photo of what those dresses go for in the store, for reference :) ...",City of Toronto,03/10/2020,2020-10-06 11:49:02.816855
1527567742,/v-baby-clothes-9-12-months/city-of-toronto/girls-pants-9-months/1527567742,15.0,Girls Pants - 9 months,,From a smoke/pet free home. - Carters - Oshkosh - Baby Harvest - Ralph Lauren - etc. *** see other postings for more girls clothing ***,City of Toronto,03/10/2020,2020-10-06 11:49:02.817350
1311824671,/v-baby-clothes-9-12-months/city-of-toronto/baby-gap-dress-size-6-12-months/1311824671,15.0,Baby Gap Dress (size 6-12 months),,Selling dress (size 6-12 months) in excellent condition made of 100% cotton.,City of Toronto,02/10/2020,2020-10-06 11:49:02.817845
1246127372,/v-baby-clothes-9-12-months/city-of-toronto/baby-girl-2-piece-pajamas-size-6-12-months/1246127372,6.0,Baby Girl 2 Piece Pajamas (size 6-12 months),,Selling 3 sets of pajamas (size 6-12 months) made of 100% cotton. Come from smoke and pet free environment. 3 sets for $6 or $3 each.,City of Toronto,02/10/2020,2020-10-06 11:49:02.818337
1389178906,/v-baby-clothes-9-12-months/city-of-toronto/baby-armani-pants-jeans-9-m-almost-like-new-6-12/1389178906,40.0,Baby Armani pants jeans 9 M almost like new 6-12,,Baby Armani pants like new retail for $137 + tax Asking for $40 only Pick up only,City of Toronto,02/10/2020,2020-10-06 11:49:02.818835
1527432420,/v-baby-clothes-9-12-months/city-of-toronto/infant-baby-winter-coat/1527432420,10.0,Infant baby winter coat,,Infant winter coat. 12-18 months. Good condition. $10,City of Toronto,02/10/2020,2020-10-06 11:49:02.819323
1527423820,/v-baby-clothes-9-12-months/city-of-toronto/infant-baby-winter-snowsuit/1527423820,15.0,Infant baby winter snowsuit,,Infant winter snowsuit has built in booties. 6-12months. Good condition. $15,City of Toronto,02/10/2020,2020-10-06 11:49:02.819814
1516175836,/v-baby-clothes-9-12-months/city-of-toronto/shoes-and-boots-for-9-12-month-girl/1516175836,15.0,Shoes and boots for 9-12 month girl,,Four pairs of footwear size 4 us (19 eur) Black leather Mary Janes with Velcro closures. Smart fit brand. Good condition Light pink Crocs (size 4/5). Excellent condition Grey grippy socks. Excellent ...,City of Toronto,01/10/2020,2020-10-06 11:49:02.820303
1527348168,/v-baby-clothes-9-12-months/city-of-toronto/9-to-12-month-clothing-lot-approximately-30-items-girls/1527348168,35.0,9 to 12 Month Clothing Lot Approximately 30 items Girls,,Some new with tags. Others are lightly worn. You get all items shown in the photo. Some addition Christmas clothing items will be added to your lot. Please come pick it up at Spadina Avenue and ...,City of Toronto,01/10/2020,2020-10-06 11:49:02.820793
1527343511,/v-baby-clothes-9-12-months/city-of-toronto/lot-of-6-12-month-baby-girl-clothes-in-usable-condition/1527343511,15.0,Lot of 6-12 month Baby Girl Clothes in usable condition,,416-284-0811 no text pickup only FINAL firm PRICE no offers not less Lot of 6-12 month Baby Girl Clothes in usable condition also other lots for sale,City of Toronto,01/10/2020,2020-10-06 11:49:02.821288
1527328888,/v-baby-clothes-9-12-months/city-of-toronto/baby-halloween-costume-6-9-months/1527328888,25.0,Baby Halloween costume 6-9 months,,Like new condition. Free pets and smokes home. Welcome to see my other kids costume. Porch pick up at anytime near by Eglinton and Kipling,City of Toronto,01/10/2020,2020-10-06 11:49:02.821775
1527283639,/v-baby-clothes-9-12-months/city-of-toronto/baby-winter-outerwear/1527283639,30.0,Baby Winter Outerwear,,"Barely used, maximum insulated Baby Gap Down Snowsuit- with attachable booties and mitts Size: 6-12 months yours for -$60 Baby Gap Down Puffer Jacket- $30 Size: 6-12 months Carter's synthetic ...",City of Toronto,01/10/2020,2020-10-06 11:49:02.822265
1287726657,/v-baby-clothes-9-12-months/city-of-toronto/baby-pretty-dress-5/1287726657,5.0,Baby Pretty Dress - $5,,Baby Pretty Dress - $5 (Price FIRM) - Carter 9 months - In excellent condition - From pet free and smoke free home. - Pick up close to Pape and Danforth *Item is still available if posting is up*,City of Toronto,01/10/2020,2020-10-06 11:49:02.822765
1416340335,/v-baby-clothes-9-12-months/city-of-toronto/baby-sleepers-12-months-5/1416340335,5.0,Baby Sleepers 12 months $5,,Baby Sleepers 12 months $5 - 2 Disney sleepers Size 12 Months - Almost brand new; worn only once; good for winter - from a pet free and smoke free home. - Price is FIRM. - Items are still available ...,City of Toronto,01/10/2020,2020-10-06 11:49:02.823258
1416340104,/v-baby-clothes-9-12-months/city-of-toronto/baby-sleepers-12-months-10/1416340104,10.0,Baby Sleepers 12 months $10,,Baby Sleepers 12 months $10 - 3 sleepers Size 12 Months - Used clothes from a pet free and smoke free home. - Price is FIRM. - Items are still available if posting is up. - Pick up either at Eaton ...,City of Toronto,01/10/2020,2020-10-06 11:49:02.823762
1527279073,/v-baby-clothes-9-12-months/city-of-toronto/infant-sparrow-uggs/1527279073,60.0,Infant Sparrow UGGs,,There are in a darker grey. Never used. Size medium which converses in 12-18 months. Got them as a gift but never had a chance to give them. Regular price is 80$,City of Toronto,01/10/2020,2020-10-06 11:49:02.824250
1527268943,/v-baby-clothes-9-12-months/city-of-toronto/infant-halloween-tiger-costume-excellent-condition/1527268943,20.0,Infant Halloween Tiger Costume *Excellent Condition*,,- Almost brand new (worn for two hours last Halloween) - Bought for $37.99 at Halloween Store - Size 6-12 months,City of Toronto,01/10/2020,2020-10-06 11:49:02.824738
1516563069,/v-baby-clothes-9-12-months/city-of-toronto/jan-and-jul-swim-hat-for-baby-toddler/1516563069,8.0,Jan and Jul Swim hat for Baby/Toddler,,Swim hat with UV protection Wide brimmed w/neck protection Adjustable with neck strap $8,City of Toronto,01/10/2020,2020-10-06 11:49:02.825228
1527196867,/v-baby-clothes-9-12-months/city-of-toronto/carters-snow-suit-12m/1527196867,10.0,Carters Snow suit 12m,,Very good used condition. Smoke free cat friendly home.,City of Toronto,01/10/2020,2020-10-06 11:49:02.825715
1527121103,/v-baby-clothes-9-12-months/city-of-toronto/toddler-size-6-girls-shoes/1527121103,20.0,Toddler size 6 girls shoes,,Never been worn. Saucony Jazz size 6 toddler shoes. Great for first time walkers,City of Toronto,30/09/2020,2020-10-06 11:49:02.826204
1527092194,/v-baby-clothes-9-12-months/city-of-toronto/carter-s-heart-sweatshirt-12-months-like-new/1527092194,2.0,Carter’s heart sweatshirt 12 months Like-new,,"Like-new condition, smoke-free home",City of Toronto,30/09/2020,2020-10-06 11:49:02.826713
1527081041,/v-baby-clothes-9-12-months/city-of-toronto/gap-baby-winter-jacket/1527081041,10.0,Gap Baby Winter Jacket,,EUC. WARM BABY GIRL WINTER JACKET. size 6-12 months,City of Toronto,30/09/2020,2020-10-06 11:49:02.827198
1527056246,/v-baby-clothes-9-12-months/city-of-toronto/boy-9-12m-snowsuit-brand-new/1527056246,12.0,boy 9-12m Snowsuit *** BRAND NEW ***,,"selling boy's snowsuit, it is size 9-12m, never been worn, *** BRAND NEW *** one piece with hoodie, knitted sleeve cuff, elastic around the waist to keep extra warm, inner body is fur, leg inner is ...",City of Toronto,30/09/2020,2020-10-06 11:49:02.827687
1527042501,/v-baby-clothes-9-12-months/city-of-toronto/baby-girl-cloths-from-6-18-month/1527042501,30.0,Baby girl cloths  from 6-18 month.,,Very good condition cloths. 30 $ for everything. Self pick up from Finch & Warden location. (As a bonus you can get toys for free),City of Toronto,30/09/2020,2020-10-06 11:49:02.828177
1527013922,/v-baby-clothes-9-12-months/city-of-toronto/brand-new-nike-size-6c/1527013922,40.0,Brand New Nike size 6c,,Brand new in box Kids size 6c Pickup RICHMOND HILL,City of Toronto,30/09/2020,2020-10-06 11:49:02.828668
1526996316,/v-baby-clothes-9-12-months/city-of-toronto/armani-winter-down-coat-for-12-month-girl/1526996316,150.0,Armani winter down coat for 12 month girl,,"Beautiful girl’s winter down coat. Pink colour. Like brand new, only wore one winter. Original brought from the States cost more than $500. Only ask for $150 now.",City of Toronto,29/09/2020,2020-10-06 11:49:02.829160
1457906245,/v-baby-clothes-9-12-months/city-of-toronto/carters-parrot-halloween-costume-size-12-months/1457906245,15.0,Carters parrot Halloween costume size 12 months,,Bought from Carters. Comes with top inside and tights. Only worn once.,City of Toronto,29/09/2020,2020-10-06 11:49:02.829649
1516029693,/v-baby-clothes-9-12-months/city-of-toronto/tickle-toes-baby-girl-shoes/1516029693,9.0,Tickle toes baby girl shoes,,Brand new tickle toes soft leather shoes Size 6-12 months Original price 19.99 + tax.,City of Toronto,29/09/2020,2020-10-06 11:49:02.830137
1526935864,/v-baby-clothes-9-12-months/city-of-toronto/columbia-infant-snowsuit-6-12-months/1526935864,50.0,Columbia infant snowsuit 6-12 months,,Never worn Columbia infant snowsuit.,City of Toronto,29/09/2020,2020-10-06 11:49:02.830635
1526929650,/v-baby-clothes-9-12-months/city-of-toronto/tommy-hilfiger-pink-tights-12-months/1526929650,2.0,Tommy Hilfiger pink tights 12 months,,Good condition,City of Toronto,29/09/2020,2020-10-06 11:49:02.831124
1516029972,/v-baby-clothes-9-12-months/city-of-toronto/baby-girl-pink-vest/1516029972,10.0,Baby girl pink vest,,Cute brand new vest from Carter's Size 9 months,City of Toronto,29/09/2020,2020-10-06 11:49:02.831613
1488315311,/v-baby-clothes-9-12-months/city-of-toronto/baby-girl-snow-suit/1488315311,20.0,Baby girl snow suit,,Baby girl snow suits. Both Just wore one time. Like new. Each for $20. From smoke free pet free home. Pink for 9-12 month old blue for 12 month old -SOLD,City of Toronto,28/09/2020,2020-10-06 11:49:02.832326
1238481409,/v-baby-clothes-9-12-months/city-of-toronto/childrens-place-frog-hat-gloves-size-6-12-months/1238481409,10.0,Children's Place Frog Hat & Gloves (size 6-12 months),,Children's Place Frog Hat & Gloves (size 6-12 months),City of Toronto,28/09/2020,2020-10-06 11:49:02.833146
1516069841,/v-baby-clothes-9-12-months/city-of-toronto/white-dress-12-months-like-new/1516069841,4.0,White dress 12 months Like-New,,"Like-new condition, only worn once. Smoke-free home",City of Toronto,28/09/2020,2020-10-06 11:49:02.833666
1526785257,/v-baby-clothes-9-12-months/city-of-toronto/roots-tracksuit-size-6-12-months-navy/1526785257,30.0,Roots Tracksuit Size 6-12 months - Navy,,Roots Tracksuit Size 6-12 months Gently used in excellent condition Pick up St Clair and O’Connor area,City of Toronto,28/09/2020,2020-10-06 11:49:02.834164
1526771023,/v-baby-clothes-9-12-months/city-of-toronto/hat-and-gloves-for-baby/1526771023,2.0,Hat and gloves for baby,,Glove size: 6 months hat size: six months,City of Toronto,28/09/2020,2020-10-06 11:49:02.834667
1526768750,/v-baby-clothes-9-12-months/city-of-toronto/baby-sweaters/1526768750,19.0,Baby sweaters,,Green: 6-9 months Navy Blue: 12-18 months,City of Toronto,28/09/2020,2020-10-06 11:49:02.835156
1526768118,/v-baby-clothes-9-12-months/city-of-toronto/baby-clothes/1526768118,15.0,BABY CLOTHES,,Everything is 12 months,City of Toronto,28/09/2020,2020-10-06 11:49:02.835649
1526686896,/v-baby-clothes-9-12-months/city-of-toronto/boy-or-girl-babygap-snowsuit-6-12-month/1526686896,15.0,Boy or girl BabyGap Snowsuit 6-12 month,,"Expelled condition snowsuits with two zippiers, in excellent condition Smoke free, chemical free home Bayview and Finch",City of Toronto,28/09/2020,2020-10-06 11:49:06.167733
1526612821,/v-baby-clothes-9-12-months/city-of-toronto/girls-kamik-winter-boots-9m/1526612821,10.0,Girls Kamik Winter Boots - 9M,,Girls Kamik Winter Boots - 9M From a pet/smoke free home. ***** See other postings for more kids clothing *****,City of Toronto,27/09/2020,2020-10-06 11:49:06.168232
1526572625,/v-baby-clothes-9-12-months/city-of-toronto/gap-jean-jacket/1526572625,15.0,Gap jean jacket,,Gap Jean jacket - excellent condition 6-12 months,City of Toronto,27/09/2020,2020-10-06 11:49:06.168723
1526566601,/v-baby-clothes-9-12-months/city-of-toronto/gently-used-brand-name-baby-girl-shoes-10-00/1526566601,10.0,Gently Used Brand Name Baby Girl Shoes - $10.00,,"Pet free, Smoke Free Home Crocs, Nike, Gymboree, Gap and Squirts 4 pairs (9 -12 months) Gymboree - SZ 3 Nike - SZ 3 Rainbow - SZ 3 Crocs - SZ 4 3 pairs (18 - 24 months) Brown - SZ 6 Squirts Sandals - ...",City of Toronto,27/09/2020,2020-10-06 11:49:06.169213
1526532230,/v-baby-clothes-9-12-months/city-of-toronto/baby-shoes-size-eu:-20-us:-4-5-12-7cm/1526532230,20.0,"Baby shoes, size EU: 20, US: 4.5 (12.7cm),",,"Real leather Pablosky baby shoes, Made in Spain, age 1 yr. Size EU: 20, US: 4.5 (12.7cm), Price: $20 (not negotiable), Gently used (except some scratches/marks on the front and back as shown in ...",City of Toronto,27/09/2020,2020-10-06 11:49:06.169707
1526528225,/v-baby-clothes-9-12-months/city-of-toronto/geox-baby-shoes-size:-eu:-21-us:-5-5/1526528225,25.0,"GEOX Baby shoes, Size: EU: 21, US: 5.5,",,"Geox Baby Shoes, Size: EU: 21, US: 5.5, Age: 12m Price: $25 (not negotiable), Very Gently Used (as new), Pet and smoke free home, Pick up ONLY at 23 Glebe Rd., West, Toronto, Yonge & Davisville, 5 ...",City of Toronto,27/09/2020,2020-10-06 11:49:06.170200
1526484021,/v-baby-clothes-9-12-months/city-of-toronto/12-month-skinny-jeans-bnwt-cat-jack/1526484021,5.0,12 month skinny jeans - BNWT Cat & Jack,,Pick-up near Jane and Bloor,City of Toronto,27/09/2020,2020-10-06 11:49:06.170712
1526483700,/v-baby-clothes-9-12-months/city-of-toronto/12-month-baby-boy-t-shirts/1526483700,5.0,12 month baby boy t-shirts,,12 month t-shirts in excellent condition 1 -x onesie 2 x t-shirts 3 x collared t-shirts pick-up near Jane and Bloor,City of Toronto,27/09/2020,2020-10-06 11:49:06.171203
1526460938,/v-baby-clothes-9-12-months/city-of-toronto/hallowen/1526460938,15.0,Hallowen,,Cute puppy Infant Ok conditions,City of Toronto,27/09/2020,2020-10-06 11:49:06.171832
1515662630,/v-baby-clothes-9-12-months/city-of-toronto/robeez-baby-shoes/1515662630,15.0,Robeez baby shoes,,Robeez baby shoes 6-12 months in excellent condition.,City of Toronto,27/09/2020,2020-10-06 11:49:06.172527
1526415684,/v-baby-clothes-9-12-months/city-of-toronto/baby-zara-winter-coat-size-9-12-months/1526415684,20.0,Baby Zara Winter Coat Size 9-12 months,,Very good condition. $20 Pick up Royal York and Bloor.,City of Toronto,26/09/2020,2020-10-06 11:49:06.173200
1323709496,/v-baby-clothes-9-12-months/city-of-toronto/hand-knit-hand-craft-baby-hat-new-size-6-to-12-months/1323709496,15.0,Hand knit Hand Craft Baby Hat  NEW  Size 6 to 12 months,,"** Shipping option is also available, please contact for a quote ** Hand knitted Baby hat - New 6 - 12 months Head circumference: 14” Pick up/ meeting location: Scarborough Town Centre mall (STC) - ...",City of Toronto,26/09/2020,2020-10-06 11:49:06.173696
1526212506,/v-baby-clothes-9-12-months/city-of-toronto/new-joe-fresh-graphic-t-shirt-size-9m-12m/1526212506,3.0,NEW Joe Fresh graphic t-shirt  size 9M-12M,,"Joe Fresh, light blue graphic t-shirt, size 9M-12M, $3 Brand new",City of Toronto,25/09/2020,2020-10-06 11:49:06.174190
1526211853,/v-baby-clothes-9-12-months/city-of-toronto/new-swim-shirts-9m-and-18m/1526211853,5.0,NEW swim shirts 9M and 18M,,"Koala Baby UV protected swim shirts, white size 9M, blue size 18M, $5 each Brand new",City of Toronto,25/09/2020,2020-10-06 11:49:06.174692
1526109466,/v-baby-clothes-9-12-months/city-of-toronto/baby-sleepers/1526109466,50.0,Baby sleepers,,Used in good condition - size 6-12,City of Toronto,25/09/2020,2020-10-06 11:49:06.175188
1526031489,/v-baby-clothes-9-12-months/city-of-toronto/brand-new-9-months-old-baby-clothes/1526031489,15.0,Brand new 9 months old baby clothes!,,Bought for a friend but I never got the chance to give it to her. Never used.,City of Toronto,24/09/2020,2020-10-06 11:49:06.175680
1525946302,/v-baby-clothes-9-12-months/city-of-toronto/nba-baby-clothes-12m-18m-10/1525946302,10.0,NBA baby clothes 12M -18M .$10,,NBA baby clothes Lakers size about 12M -18M New never used have tag (From Japan size80 size ) $10 NBA baby clothes suns size about 12M -18M New never used no tag (From japan size 80)$10 Pick up at ...,City of Toronto,24/09/2020,2020-10-06 11:49:06.176172
1525943780,/v-baby-clothes-9-12-months/city-of-toronto/girls-onesies-pjs-9-months-13-onesies-3-pjs/1525943780,10.0,Girls Onesies PJs - 9 months (13 onesies; 3 PJs),,From a loving smoke free/pet free home. - Carters - Koala Baby - Oshkosh ******* see other ads for more infant/girls clothing *******,City of Toronto,24/09/2020,2020-10-06 11:49:06.176665
1346928646,/v-baby-clothes-9-12-months/city-of-toronto/baby-toddler-boys-green-leather-indoor-shoes-6-12-month/1346928646,10.0,Baby Toddler Boys Green Leather Indoor Shoes 6-12 Month,,Used condition. Take both pairs for $10 or $5 per pair. Pet free smoke free home. Pickup near Fairview Mall (401/Sheppard).,City of Toronto,23/09/2020,2020-10-06 11:49:06.177171
1525802001,/v-baby-clothes-9-12-months/city-of-toronto/snowsuit-6-12-months/1525802001,10.0,Snowsuit (6-12 months),,"From SFPF home. Very good condition, like new: no stains, no tears. Warm enough for fall and mild winter. Pick up St. Clair and Warden Ave.",City of Toronto,23/09/2020,2020-10-06 11:49:06.177662
1525775641,/v-baby-clothes-9-12-months/city-of-toronto/winter-jacket/1525775641,5.0,Winter jacket,,12 Month winter jacket,City of Toronto,23/09/2020,2020-10-06 11:49:06.178155
1525743252,/v-baby-clothes-9-12-months/city-of-toronto/gap-6-12-hoodie-one-piece/1525743252,15.0,Gap 6-12 Hoodie One-Piece,,Baby Gap logo Hoodie One- Piece 6-12 months size warm and cozy in mint condition.,City of Toronto,23/09/2020,2020-10-06 11:49:06.178655
1515013914,/v-baby-clothes-9-12-months/city-of-toronto/kombi-baby-girl-winter-hat-6-12m/1515013914,3.0,Kombi Baby Girl Winter Hat 6-12M,,"Very warm. Gently used, in great condition. From pet and smoke free home. Pick up at St. Clair West and Bathurst area (Contactless, if preferred). If the ad is still up, it’s available. Please check ...",City of Toronto,22/09/2020,2020-10-06 11:49:06.179321
1515028612,/v-baby-clothes-9-12-months/city-of-toronto/carters-fleece-pjs-12m/1515028612,4.0,Carter's Fleece PJs - 12M,,"Very warm. Like new. From pet and smoke free home. Pick up at St. Clair West and Bathurst area (Contactless, if preferred). If the ad is still up, it’s available. Please check out my other quality ...",City of Toronto,22/09/2020,2020-10-06 11:49:06.180014
1525630593,/v-baby-clothes-9-12-months/city-of-toronto/girls-clothing-lot-12-18m/1525630593,10.0,Girls Clothing Lot 12-18m,,"20 items total: 3 sweaters 2 hoodies 5 pants 1 fleece sleeper (with hood) 4 long sleeve tops 5 short sleeve tops Brands: Disney, George, Puma, Gap, Nevada, Children’s Place, Carter’s Porch pickup at ...",City of Toronto,22/09/2020,2020-10-06 11:49:06.180610
1525630574,/v-baby-clothes-9-12-months/city-of-toronto/girls-clothing-lot-12-18m/1525630574,10.0,Girls Clothing Lot 12-18m,,"20 items total: 3 sweaters 2 hoodies 5 pants 1 fleece sleeper (with hood) 4 long sleeve tops 5 short sleeve tops Brands: Disney, George, Puma, Gap, Nevada, Children’s Place, Carter’s Porch pickup at ...",City of Toronto,22/09/2020,2020-10-06 11:49:06.181104
1525630567,/v-baby-clothes-9-12-months/city-of-toronto/girls-clothing-lot-12-18m/1525630567,10.0,Girls Clothing Lot 12-18m,,"20 items total: 3 sweaters 2 hoodies 5 pants 1 fleece sleeper (with hood) 4 long sleeve tops 5 short sleeve tops Brands: Disney, George, Puma, Gap, Nevada, Children’s Place, Carter’s Porch pickup at ...",City of Toronto,22/09/2020,2020-10-06 11:49:06.181606
1525609771,/v-baby-clothes-9-12-months/city-of-toronto/infant-sleepers-9-to-12-months/1525609771,5.0,Infant Sleepers - 9 to 12 Months,,See pic for condition and price Pickup is Yonge/Sheppard,City of Toronto,22/09/2020,2020-10-06 11:49:06.182181
1525567503,/v-baby-clothes-9-12-months/city-of-toronto/baby-gap-coat/1525567503,20.0,BABY GAP COAT,,size 6-12 months winter jacket used just a few times excellent condition,City of Toronto,22/09/2020,2020-10-06 11:49:06.182691
1137586341,/v-baby-clothes-9-12-months/city-of-toronto/joe-fresh-baby-girl-tops-3-items-1t/1137586341,2.0,JOE FRESH BABY GIRL TOPS (3 ITEMS) - (1T),,"All items laundered, no stains, gently-worn by one baby, in like-new condition. 1. Navy lace top = $5 2. White lace top = $5 3. Yellow t-shirt = $2 Or buy all 3 for $10. From smoke-free and pet-free ...",City of Toronto,21/09/2020,2020-10-06 11:49:06.183188
1486478643,/v-baby-clothes-9-12-months/city-of-toronto/12m-ollie-jones-baby-bloomers/1486478643,10.0,12m Ollie jones baby bloomers,,In like new condition. Ollie Jones Canadian brand organic cotton. So cute under a dress or over a diaper. Size 12m. Price firm. Porch pick up Woodbine and Danforth.,City of Toronto,21/09/2020,2020-10-06 11:49:06.183687
1495432242,/v-baby-clothes-9-12-months/city-of-toronto/baby-boy-formal-suit/1495432242,10.0,Baby Boy Formal suit,,"This one piece outfit is size 9 - 12 months. Never worn , still new. Baby boys first tuxedo or formal suit for a special occasion.",City of Toronto,21/09/2020,2020-10-06 11:49:06.184186
1525369267,/v-baby-clothes-9-12-months/city-of-toronto/baby-shoes/1525369267,15.0,Baby shoes,,Selling baby shoes: 1 picture - all shoes for $15; 2 picture - Oshkosh size 4 - $15 Pick up at Dundas Street West & Islington Avenue.,City of Toronto,21/09/2020,2020-10-06 11:49:06.184682
1525346612,/v-baby-clothes-9-12-months/city-of-toronto/baby-boy-pants-6-to-12-months/1525346612,4.0,Baby Boy Pants - 6 to 12 months,,$4 each or All for $30 Pickup is Yonge/Sheppard,City of Toronto,21/09/2020,2020-10-06 11:49:06.185178
1525263137,/v-baby-clothes-9-12-months/city-of-toronto/bathtub/1525263137,15.0,Bathtub,,Pick up at blue jays center. Like new,City of Toronto,20/09/2020,2020-10-06 11:49:06.185681
1513668406,/v-baby-clothes-9-12-months/city-of-toronto/oshkosh-snowsuit/1513668406,60.0,OshKosh snowsuit,,Brand new girl snowsuit size 12 months,City of Toronto,20/09/2020,2020-10-06 11:49:06.186257
1525252424,/v-baby-clothes-9-12-months/city-of-toronto/mini-mioche-lot/1525252424,50.0,Mini Mioche Lot,,Lot of 9 Mini Mioche baby items. And one Zara cotton knit cardigan. Two snug pants size 3-6m Two snug pants size 6-12m Grandpa cardigan and harem pants size 6-12m Hooded dress size 6-12m Skirted top ...,City of Toronto,20/09/2020,2020-10-06 11:49:06.186961
1477922742,/v-baby-clothes-9-12-months/city-of-toronto/montreal-canadiens-hockey-jersey-12m-new/1477922742,14.99,Montreal Canadiens Hockey Jersey 12M (New),,Montreal Canadiens NHL Official Home Jersey Condition: New without Tags Size: 12 Months Price: Retail $60. Ask $14.99 only. Great idea for Holiday gift!,City of Toronto,20/09/2020,2020-10-06 11:49:06.187650
1525199783,/v-baby-clothes-9-12-months/city-of-toronto/cute-comfi-pijama-12-months-baby-girl/1525199783,6.0,Cute comfi Pijama 12  months baby girl,,In great condition Brand: Carters,City of Toronto,20/09/2020,2020-10-06 11:49:06.188145
1525177282,/v-baby-clothes-9-12-months/city-of-toronto/baby-gap-jacket/1525177282,3.0,Baby gap jacket,,1 year old. Long sleeve. Pick up at blue jays center,City of Toronto,20/09/2020,2020-10-06 11:49:06.188640
1525153924,/v-baby-clothes-9-12-months/city-of-toronto/ralph-lauren-sleeper/1525153924,60.0,Ralph Lauren sleeper,,"9 month Ralph Lauren sleeper/onesie. Buttons at bottom, cotton. Like new condition (used only once). Original price $80. For sale for $60",City of Toronto,20/09/2020,2020-10-06 11:49:07.763723
1525150396,/v-baby-clothes-9-12-months/city-of-toronto/burberry-onesie-9-months/1525150396,100.0,Burberry onesie - 9 months,,"Brand new Burberry onesie, never used. 9 months, unisex. Original price $190. For sale for $100.",City of Toronto,20/09/2020,2020-10-06 11:49:07.764239
1525112870,/v-baby-clothes-9-12-months/city-of-toronto/bag-of-used-girl-clothes-sizes-9-months-and-12-months/1525112870,50.0,Bag of Used Girl Clothes Sizes 9 Months and 12 Months,,"I have a bag of girl’s clothes, sizes 9 months and 12 months. It is a full bag of clothes, so I am asking $50. Smoke-free, pet-free, COVID-free home. Please be sure to check out my other ads. I was ...",City of Toronto,20/09/2020,2020-10-06 11:49:07.764735
1524978899,/v-baby-clothes-9-12-months/city-of-toronto/nike-baby-12-month-outerwear-snowsuit/1524978899,30.0,Nike baby 12 month outerwear snowsuit,,Nike blue outerwear one price snowsuit. Excellent condition. Fleece inside. Mittens and footens are removable. Bathurst and 401,City of Toronto,19/09/2020,2020-10-06 11:49:07.765226
1503600907,/v-baby-clothes-9-12-months/city-of-toronto/crochet-flower-hat-new/1503600907,10.0,Crochet flower hat NEW,,Brand new lavender flower visor hat handmade by me. Approximate Size is 6 months to 18 months. Can ship in Canada $4 or deliver in East Toronto.,City of Toronto,18/09/2020,2020-10-06 11:49:07.765713
1524824096,/v-baby-clothes-9-12-months/city-of-toronto/rose-pink-girls-puffer-vest-size-6-12-months/1524824096,5.0,Rose Pink Girls Puffer Vest - Size 6-12 months,,Great condition. Fits large. Could easily wear up to 2-3 years. See my other listing for more baby items. Pet and smoke free home. Pick up only near Eglinton and Scarlett.,City of Toronto,18/09/2020,2020-10-06 11:49:07.766203
1524791872,/v-baby-clothes-9-12-months/city-of-toronto/toms-size-4t/1524791872,30.0,TOMS SIZE 4T,,Like NEW Very Gently Used Excellent Condition SIZE 4T SMOKE AND PET FREE HOME,City of Toronto,18/09/2020,2020-10-06 11:49:07.766710
1486144078,/v-baby-clothes-9-12-months/city-of-toronto/12-month-baby-toddler-spring-coat/1486144078,8.0,12 month Baby / toddler spring coat,,Such an adorable little spring/summer coat for your 12 month old. In excellent used condition. Porch pick up Woodbine and Danforth. Etransfer only atm. Thnx!,City of Toronto,18/09/2020,2020-10-06 11:49:07.767380
1466636775,/v-baby-clothes-9-12-months/city-of-toronto/hm-i-love-dad-shirt-and-leggings-set-9-12-m/1466636775,10.0,HM I Love Dad Shirt and Leggings Set 9-12 M,,"Brand new with tag Smoke free, pet free home",City of Toronto,17/09/2020,2020-10-06 11:49:07.767973
1524619724,/v-baby-clothes-9-12-months/city-of-toronto/swimsuit-12-months/1524619724,5.0,Swimsuit (12 months),,Used but in great condition. Comes with a white top. Swimsuit is of colour bubble pink. Pick up at Bathurst and Lakeshore,City of Toronto,17/09/2020,2020-10-06 11:49:07.768468
1524618392,/v-baby-clothes-9-12-months/city-of-toronto/4-pairs-of-pants-6-18months/1524618392,10.0,4 pairs of pants (6-18months),,Mustard yellow pair- 12-18 months Gray leggings - 6-12 months Red sweat pants (6-12 months) Jeans - 12-18 months Take all for 10$ or contact for pricing for individual pants. Lakeshore and Bathurst ...,City of Toronto,17/09/2020,2020-10-06 11:49:07.768971
1524556401,/v-baby-clothes-9-12-months/city-of-toronto/baby-boy-snowsuits/1524556401,15.0,Baby Boy Snowsuits,,"Pickup is Yonge/Sheppard Sizes from 6-12 months See pictures for size, condition and price.",City of Toronto,17/09/2020,2020-10-06 11:49:07.769459
1387560427,/v-baby-clothes-9-12-months/city-of-toronto/xtrem-by-gusti-12-months-snow-suit/1387560427,20.0,Xtrem by Gusti 12 Months Snow Suit,,Xtrem by Gusti 12 Months Snow Suit,City of Toronto,17/09/2020,2020-10-06 11:49:07.769945
1469673808,/v-baby-clothes-9-12-months/city-of-toronto/3-baby-boy-shoes-size-3-4/1469673808,10.0,3 Baby Boy Shoes size 3-4,,Gap one with eyes stitching starting to come apart. Back one is size 4. All measuring between 3-4 baby shoes,City of Toronto,17/09/2020,2020-10-06 11:49:07.770435
1278251679,/v-baby-clothes-9-12-months/city-of-toronto/brand-new/1278251679,5.0,Brand new,,12 months vest Rock frog prince,City of Toronto,16/09/2020,2020-10-06 11:49:07.770949
1360731004,/v-baby-clothes-9-12-months/city-of-toronto/baby-clothes-6-to-12-months/1360731004,3.0,Baby clothes 6 to 12 months,,$3 each item have 20 items,City of Toronto,16/09/2020,2020-10-06 11:49:07.771441
1524363542,/v-baby-clothes-9-12-months/city-of-toronto/bnwt-white-olivia-rose-baby-tutu-onesie-dress/1524363542,35.0,BNWT White Olivia Rose baby tutu onesie/dress,,"This irresistibly sweet onesie from Olivia Rose comes complete with a soft nylon chiffon pettiskirt. Designed in a breathable cotton featuring a little stretch for optimal comfort, it's finished with ...",City of Toronto,16/09/2020,2020-10-06 11:49:07.771938
1513677458,/v-baby-clothes-9-12-months/city-of-toronto/assorted-clothing-for-6-12-months-1-each/1513677458,1.0,Assorted clothing for 6-12 months - $1 each!!!,,"Assorted baby clothing for 6-12 months. 36 pieces to choose from, including a winter jacekt, onsies, tops and pants. In very good condition. Pick what you like! $1 each!!! From a pet free and smoke ...",City of Toronto,15/09/2020,2020-10-06 11:49:07.772441
1485994899,/v-baby-clothes-9-12-months/city-of-toronto/12-monthtoddler-summer-dresses/1485994899,10.0,12 monthToddler summer dresses,,Two cute toddler summer dresses. Size 12m. Both in excellent used condition. Porch pick up Woodbine and Danforth. Etransfer only atm. Thnx!,City of Toronto,15/09/2020,2020-10-06 11:49:07.772931
1524224981,/v-baby-clothes-9-12-months/city-of-toronto/infant-mittens-size-6months-12-months/1524224981,10.0,Infant mittens size 6months-12 months,,Size XXS and XS mittens. Barely used 10$ each Pick up Bathurst and Bloor,City of Toronto,15/09/2020,2020-10-06 11:49:07.773419
1465732870,/v-baby-clothes-9-12-months/city-of-toronto/fall-pajamas-for-toddlers-size-6-12mos-15pcs-for-20/1465732870,20.0,Fall Pajamas for Toddlers Size 6-12mos - 15pcs for $20,,Size 6-12mos (10) - 15pcs for $20 plus 1 jeans for FREE.,City of Toronto,15/09/2020,2020-10-06 11:49:07.773908
1523975184,/v-baby-clothes-9-12-months/city-of-toronto/baby-jacket/1523975184,9.0,Baby jacket,,Blue jays center. Please check other clothing too. Price negotiable.,City of Toronto,14/09/2020,2020-10-06 11:49:07.774398
1523820840,/v-baby-clothes-9-12-months/city-of-toronto/halo-sleep-sack/1523820840,10.0,Halo sleep sack,,The original Wearable blanket Great for fall and winter Size M 6-12 months 26 to 30 in 16 to 24 lbs,City of Toronto,13/09/2020,2020-10-06 11:49:07.774897
1523797619,/v-baby-clothes-9-12-months/city-of-toronto/baby-leggings-lot-of-5-coxwell-gerrard/1523797619,20.0,Baby leggings lot of 5 / Coxwell & Gerrard,,"Lot of 5 pairs of Baby Leggings for $20 Retail for $13 each. 4 are BNIB, 1 pair is out of packaging but in excellent condition Smoke-free, pet-friendly home, x-posted, fastest pick-up preferred ...",City of Toronto,13/09/2020,2020-10-06 11:49:07.775387
1523797152,/v-baby-clothes-9-12-months/city-of-toronto/blue-banana-one-piece-snowsuit-12m/1523797152,50.0,Blue Banana - one piece snowsuit - 12M,,Excellent condition - like new! Pet and smoke free home. Pick up only near Eglinton and Scarlett. 12M - 20-23lbs Black with reflective strips Fold over cuff option (if your child isn’t walking) ...,City of Toronto,13/09/2020,2020-10-06 11:49:07.775875
1523747199,/v-baby-clothes-9-12-months/city-of-toronto/winter-trouser/1523747199,5.0,Winter trouser,,Pick up at blue jays center,City of Toronto,13/09/2020,2020-10-06 11:49:07.776371
1485423058,/v-baby-clothes-9-12-months/city-of-toronto/long-sleeve-onesies-for-boys-size-6-12-months/1485423058,14.0,Long Sleeve Onesies for Boys (size 6-12 months),,"Selling 7 long sleeve onesies for baby boy (size 6-12 months), in excellent condition. Come from pet and smoke free home. Asking price 7 for $14 or $3 each.",City of Toronto,12/09/2020,2020-10-06 11:49:07.776905
1252004971,/v-baby-clothes-9-12-months/city-of-toronto/baby-outfits-brand-new-with-tags/1252004971,10.0,BABY OUTFITS - BRAND NEW WITH TAGS,,"BOY'S' Baby Outfits, BRAND NEW WITH ORIGINAL TAGS, $10 each or take all 4 for $35. 1 WHITE (2 piece) - 3 months to 12 months 1 White (3-piece) - Size 3 1 Sailor Blue (2 piece) - 18 months 1 Brown (2 ...",City of Toronto,12/09/2020,2020-10-06 11:49:07.777410
1523679946,/v-baby-clothes-9-12-months/city-of-toronto/9-months-old-baby-nordstrom/1523679946,5.0,9 months old baby Nordstrom,,Baby Nordstrom - 9 months,City of Toronto,12/09/2020,2020-10-06 11:49:07.777905
1476955207,/v-baby-clothes-9-12-months/city-of-toronto/sleepsac-grobag/1476955207,12.0,SleepSac GroBag,,"YES, they are available; when will you pick up?? FIVE Sleep bags for babies, all in good used condition. Grobag gender neutral animal print Up to 6 months 1.0 TOG $12 2 Kushies brand sleep sacs 100% ...",City of Toronto,12/09/2020,2020-10-06 11:49:07.778394
1523676976,/v-baby-clothes-9-12-months/city-of-toronto/warm-jacket-pants-and-booties/1523676976,30.0,"Warm jacket,pants and booties",,Very good condition. Can be used by boy or girl. Good for late fall and winter.,City of Toronto,12/09/2020,2020-10-06 11:49:07.778895
1411638711,/v-baby-clothes-9-12-months/city-of-toronto/12-mos-long-sleeve-sweater-new/1411638711,6.95,12 mos - Long Sleeve Sweater - NEW,,Rear zipper opening Thick knit - warm,City of Toronto,12/09/2020,2020-10-06 11:49:07.779384
1523631222,/v-baby-clothes-9-12-months/city-of-toronto/9-months-old-carters-pjs/1523631222,3.0,9 months old Carters pjs,,One is brand new and the rest have been gently used. $3.00 each,City of Toronto,12/09/2020,2020-10-06 11:49:07.779876
1523619860,/v-baby-clothes-9-12-months/city-of-toronto/toddler-halloween-costume/1523619860,10.0,Toddler Halloween costume,,12 months - skunk costume,City of Toronto,12/09/2020,2020-10-06 11:49:07.780367
1523615926,/v-baby-clothes-9-12-months/city-of-toronto/9-months-old-girl-s-clothes/1523615926,12.0,9 months old girl’s clothes,,Brand new Carters hooded sherpa pram with tags -$12 Dress- gently used- $8,City of Toronto,12/09/2020,2020-10-06 11:49:07.780857
1523607154,/v-baby-clothes-9-12-months/city-of-toronto/12-months-girl-clothes/1523607154,50.0,12 months girl clothes,,4 dresses; 2 Oshkosh jackets; 10 short sleeve bodysuits. Gently used!,City of Toronto,12/09/2020,2020-10-06 11:49:07.781348
1512814548,/v-baby-clothes-9-12-months/city-of-toronto/canda-goose-baby-bunny-bunting-size-6-12-months/1512814548,250.0,"Canda Goose Baby Bunny Bunting, size 6-12 months",,"Canada Goose baby bunting, purchased in 2014 but like new. Worn by two kids, only briefly. Pickup from Bay / Dundas.",City of Toronto,12/09/2020,2020-10-06 11:49:07.781839
1523593244,/v-baby-clothes-9-12-months/city-of-toronto/winter-jackets-for-toddler-boys-for-6-12-months/1523593244,15.0,Winter Jackets for Toddler Boys for 6-12 months,,"Winter Jackets for Toddler Boys for 6-12 months. Posted in baby items, clothing - 9-12 months in City of Toronto. September 12, 2020",City of Toronto,12/09/2020,2020-10-06 11:49:07.782329
1523563390,/v-baby-clothes-9-12-months/city-of-toronto/very-cute-carters-sweater-with-zipper-for-toddler-12m/1523563390,10.0,Very cute Carter's sweater with zipper for toddler ( 12M ),,This is very cute and the texture is nice and soft. Very good condition. Pick up only at Davisville × Mt. Pleasant No return Please check my other ads too!,City of Toronto,12/09/2020,2020-10-06 11:49:07.782830
1523561857,/v-baby-clothes-9-12-months/city-of-toronto/very-cute-cat-sweater-for-toddler-no-tags-but-around-12m/1523561857,3.0,Very cute cat sweater for toddler ( No tags but around 12M ),,Very cute cat sweater has no tags but it fits toddler around 12M. My son wore it when it's a little chilly on a shirt. It is so useful! Pick up only at Davisville × Mt. Pleasant No return Please ...,City of Toronto,12/09/2020,2020-10-06 11:49:07.783326
1430492344,/v-baby-clothes-9-12-months/city-of-toronto/levis-ruffle-overall-baby-girls/1430492344,10.0,Levi's Ruffle Overall (Baby Girls),,very new! only used 2 times. washed! size: 12M (75-80 cm) Details - Square neck - Snap button shoulder closure - Front patch pocket - Faux dual front pockets - Dual back patch pockets - Back ruffled ...,City of Toronto,11/09/2020,2020-10-06 11:49:09.439547
1328399774,/v-baby-clothes-9-12-months/city-of-toronto/babygap-infant-snowsuit/1328399774,10.0,BabyGap infant Snowsuit,,"BabyGap snowsuit, size 6-12m, beige, soft suede-like material , in great condition.",City of Toronto,11/09/2020,2020-10-06 11:49:09.440066
1512246921,/v-baby-clothes-9-12-months/city-of-toronto/kids-clothing-for-6-12-months-old-10-for-10-pieces/1512246921,10.0,Kids clothing for 6-12 months old - $10 for 10 pieces,,Kids Clothing for 6-12 months old baby. In very good condition. $10 for 10 pieces. From a pet free and smoke free home. Pick up from front door.,City of Toronto,11/09/2020,2020-10-06 11:49:09.440555
1523465494,/v-baby-clothes-9-12-months/city-of-toronto/old-navy-blue-pants-6-12-months/1523465494,2.0,Old Navy blue pants 6-12 months,,"Very good condition, smoke-free home",City of Toronto,11/09/2020,2020-10-06 11:49:09.441046
1523464981,/v-baby-clothes-9-12-months/city-of-toronto/carter-s-red-bow-sweater-12-months/1523464981,3.0,Carter’s red bow sweater 12 months,,"Excellent condition, smoke-free home",City of Toronto,11/09/2020,2020-10-06 11:49:09.441535
1419932768,/v-baby-clothes-9-12-months/city-of-toronto/lot-of-baby-cloths-9-12-month-winter-suits/1419932768,10.0,Lot of baby cloths 9-12 month (Winter Suits),,PICK UP ONLY BathurstxAntibes Day and evening pick up Everything is in Excellent Used Condition Bathrobe - $4 for 12 months. Light Blue Winter Suit - $10 for 12 months. Blue Winter Suit (Sears) - $10 ...,City of Toronto,11/09/2020,2020-10-06 11:49:09.442026
1523359621,/v-baby-clothes-9-12-months/city-of-toronto/two-2-piece-snowsuit-joe-fresh-new/1523359621,25.0,Two (2) piece snowsuit JOE FRESH ** NEW**,,New still in tag and bag,City of Toronto,11/09/2020,2020-10-06 11:49:09.442514
1512743417,/v-baby-clothes-9-12-months/city-of-toronto/puffy-pink-vest/1512743417,15.0,Puffy pink vest,,Like new! Child's pink vest for cool Fall/Spring days. Fits 6-12 months or 17-22lbs,City of Toronto,10/09/2020,2020-10-06 11:49:09.443027
1523210561,/v-baby-clothes-9-12-months/city-of-toronto/brand-new-zara-sweaters-shirts-9-12mths/1523210561,40.0,BRAND NEW - Zara Sweaters/Shirts 9-12mths,,Purchased these in March but due to COVID I couldn’t return them. Brand new 9-12 months tops with tags still on (never worn!). Purchased for $48.70 + tax. You get all 3 for 40!,City of Toronto,10/09/2020,2020-10-06 11:49:09.443516
1523203584,/v-baby-clothes-9-12-months/city-of-toronto/converse-infant-chuck-taylor-all-star-high-tops-size-5us/1523203584,25.0,CONVERSE - Infant Chuck Taylor  All-Star High Tops (Size 5US),,Great condition! CONVERSE - Infant All-Star High Tops . Black and white Size 5US. Retails for $40.,City of Toronto,10/09/2020,2020-10-06 11:49:09.444070
1523092663,/v-baby-clothes-9-12-months/city-of-toronto/cute-toddler-monster-shirt-9-12m/1523092663,2.0,Cute toddler monster shirt ( 9 - 12M ),,Very cute shirt for 9 - 12M Pick up only at Davisville × Mt. Pleasant No return Please check my other ads too!,City of Toronto,09/09/2020,2020-10-06 11:49:09.444601
1522898086,/v-baby-clothes-9-12-months/city-of-toronto/new-halloween-baby-t-shirt-:-jack-o-lantern/1522898086,3.0,New Halloween baby t-shirt :  jack-o'-lantern,,Brand new Halloween baby t-shirt As in the photo: white T-shirt has picture of a jack o'lantern and the words Jack O'Lantern Size 9 to 12 months 100% cotton,City of Toronto,08/09/2020,2020-10-06 11:49:09.445096
1522893146,/v-baby-clothes-9-12-months/city-of-toronto/baby-girl-6-12-mos-fall-winter-lot/1522893146,30.0,Baby girl 6-12 mos fall/winter lot,,"Baby girl 6-12 mos fall/winter lot. Posted in baby items, clothing - 9-12 months in City of Toronto. September 8, 2020",City of Toronto,08/09/2020,2020-10-06 11:49:09.445612
1522873620,/v-baby-clothes-9-12-months/city-of-toronto/baby-girls-fall-shoes/1522873620,5.0,Baby girls fall shoes,,Baby girls shoes brand new with tags. Brand old navy. Size 6-12 months,City of Toronto,08/09/2020,2020-10-06 11:49:09.446111
1522816299,/v-baby-clothes-9-12-months/city-of-toronto/9-18-months-baby-girl-lot/1522816299,5.0,9-18 months baby girl lot,,"9-18 months baby girl lot 1 jean skort, 1 vest, 1 short cartigan, and 2 shorts From clean, pet/smoke free home Please check my other posts for more great sale items",City of Toronto,08/09/2020,2020-10-06 11:49:09.446612
1202842656,/v-baby-clothes-9-12-months/city-of-toronto/old-navy-baby-jacket-size-9-12-months/1202842656,15.0,Old Navy Baby Jacket (size 9-12 months),,"Old Navy Baby jacket, in excellent condition. Asking price $15. Comes from smoke & pet free environment.",City of Toronto,07/09/2020,2020-10-06 11:49:09.447105
1512137258,/v-baby-clothes-9-12-months/city-of-toronto/baby-pyjamas-my-first-christmas-size-9-months/1512137258,5.0,Baby pyjamas my first Christmas size 9 months,,Like new only worn once brand is Little Me. Pick up Bayview and Sheppard area,City of Toronto,07/09/2020,2020-10-06 11:49:09.447625
1512105492,/v-baby-clothes-9-12-months/city-of-toronto/linen-bermudas-short-sleeve-shirt-w-matching-shoes-size-12mo/1512105492,30.0,"Linen Bermudas & short sleeve shirt w/ matching shoes, size 12mo",,"Beautiful linen set size 12 months. Gray linen bermudas and white linen short sleeve shirt with matching Mexx shoes. Used only once. In excellent condition, from a smoke and pet free home. Ideal for ...",City of Toronto,07/09/2020,2020-10-06 11:49:09.448178
1522700270,/v-baby-clothes-9-12-months/city-of-toronto/infant-shoes-9-12m/1522700270,2.0,Infant Shoes 9-12m,,Never worn blue Carter’s brand baby shoes Porch pickup Yonge and Sheppard,City of Toronto,07/09/2020,2020-10-06 11:49:09.448694
1512087600,/v-baby-clothes-9-12-months/city-of-toronto/denim-dress-12-months/1512087600,3.0,Denim dress 12 months,,"Very good condition, smoke-free home",City of Toronto,07/09/2020,2020-10-06 11:49:09.449217
1522540013,/v-baby-clothes-9-12-months/city-of-toronto/sock-hat/1522540013,15.0,Sock hat,,Pookie Tookie sock hat brand new Infants to 2 years old,City of Toronto,07/09/2020,2020-10-06 11:49:09.449715
1512027682,/v-baby-clothes-9-12-months/city-of-toronto/baby-clothes-size-9-months/1512027682,25.0,Baby Clothes (Size 9 months),,Baby Boy Clothes in Gently Used and Brand New Condition. Some items never worn but all washed in baby friendly detergent and then stored away. Baby never got around to wearing most of them. ASKING: ...,City of Toronto,06/09/2020,2020-10-06 11:49:09.450222
1501612962,/v-baby-clothes-9-12-months/city-of-toronto/baby-cloth-and-gap-baby-hat/1501612962,5.0,Baby cloth and gap baby hat,,"Very soft baby cloth, 6-9m and 6-12m Hat 6-12m Good condition $5 for each Contact for more options Pick up location 88 Grandview way",City of Toronto,06/09/2020,2020-10-06 11:49:09.450734
1501610061,/v-baby-clothes-9-12-months/city-of-toronto/baby-gap-cloth-and-shoes-set-6-12-m/1501610061,18.0,Baby gap cloth and shoes set 6-12 m,,Great condition and super cute style Love it so much Pick up location: 88 Grandview way Contact for more options.,City of Toronto,06/09/2020,2020-10-06 11:49:09.451241
1501608977,/v-baby-clothes-9-12-months/city-of-toronto/baby-gap-cloth-3-6m-6-12m/1501608977,8.0,"Baby gap cloth, 3-6m, 6-12m",,"Very good condition, High quality and cute style. Pick up location: 88- Grandview way.or college station More choices available. $8 for each",City of Toronto,06/09/2020,2020-10-06 11:49:09.451740
1350416624,/v-baby-clothes-9-12-months/city-of-toronto/zoochinni-unicorn-crawling-tights-socks-bnwt-15/1350416624,15.0,ZOOChinni™ UNICORN!! Crawling Tights + Socks (BNWT) --- $15!!,,"$15 only!! (No offers, please.) ZooCCHINI™ ALLIE the UNICORN tights!! SIZE: 12 months. BRAND NEW WITH TAGS! TOO CUTE!! This comes from a PET-FREE and SMOKE-FREE home. Pick up in front of Subway ...",City of Toronto,06/09/2020,2020-10-06 11:49:09.452241
1148504954,/v-baby-clothes-9-12-months/city-of-toronto/new-party-dress/1148504954,15.0,New party dress,,Brand new party dress. (Size 1). Smoke and pet free home.,City of Toronto,06/09/2020,2020-10-06 11:49:09.452738
1511585840,/v-baby-clothes-9-12-months/city-of-toronto/a-lot-of-clothes-for-baby-girl-3-12-months/1511585840,59.0,A lot of clothes for Baby girl 3-12 months,,"Great condition, a lot of clothes brand new. FromPET fee smoke free home. Pick up only near Sheppard and Yonge",City of Toronto,05/09/2020,2020-10-06 11:49:09.453239
1522302512,/v-baby-clothes-9-12-months/city-of-toronto/toddler-corduroy-wide-pants-12m/1522302512,3.0,Toddler corduroy wide pants ( 12M ),,Very useful wide pants for toddler around 12M Pick up only at Davisville × Mt. Pleasant No returns Please check my other ads too!,City of Toronto,05/09/2020,2020-10-06 11:49:09.453737
1522265434,/v-baby-clothes-9-12-months/city-of-toronto/baby-girl-clothes-zara-h-m-gap-etc/1522265434,5.0,"Baby girl clothes Zara, H&M, Gap etc",,"1. H&M sweater 4-6 months, my daughter wore it until she was 12 months old. $5 2. Gap jacket 6-12, fits larger. $10 3. Gap bat sweater 0-6 months. $5 H&M tights 4-6 months $5 for both. 4. Zara pants ...",City of Toronto,05/09/2020,2020-10-06 11:49:09.454248
1522245324,/v-baby-clothes-9-12-months/city-of-toronto/baby-gap-warmest-floral-snowsuit-6-12m-ret-120-nwt-price-firm/1522245324,50.0,Baby gap warmest floral snowsuit 6-12M ret $120 NWT price firm,,"New with tags. Warmest snow suit Cute floral design. Porch pick up in Etobicoke (Royal York & Eglinton) or meet at Royal York & bloor, cloverdale, Sherway, Dixie mall, Vaughan mills, or meet at ...",City of Toronto,05/09/2020,2020-10-06 11:49:09.454796
1522131674,/v-baby-clothes-9-12-months/city-of-toronto/new-toddlar-shoes-6-12-months/1522131674,12.0,New Toddlar shoes (6-12 months),,$12 each pair,City of Toronto,05/09/2020,2020-10-06 11:49:09.455298
1522037717,/v-baby-clothes-9-12-months/city-of-toronto/toddler-shoes-sz-2-4-adidas-converse-native-freshly-picked/1522037717,10.0,"Toddler Shoes sz 2-4 (Adidas, Converse, Native, Freshly Picked)",,Top Row (L-R) - Black Native Jefferson Size 4 ($20) - Black Converse with hidden velcro closure Size 4 ($15) - Grey Suede Gap Loafers Size 5 ($10) Bottom Row (L-R) - Grey Leather Freshly Picked ...,City of Toronto,04/09/2020,2020-10-06 11:49:09.455794
1522002338,/v-baby-clothes-9-12-months/city-of-toronto/new-ralph-lauren-snowsuit/1522002338,50.0,New ralph lauren snowsuit,,9M. Pickup near College Station,City of Toronto,04/09/2020,2020-10-06 11:49:09.456287
1447381320,/v-baby-clothes-9-12-months/city-of-toronto/dress-9-12-months/1447381320,3.0,Dress 9-12 months,,Once worn dress in excellent condition. Size 9-12 months.,City of Toronto,04/09/2020,2020-10-06 11:49:09.456783
1350882893,/v-baby-clothes-9-12-months/city-of-toronto/roots-hoodie-beba-bean-hooded-sweater/1350882893,35.0,Roots Hoodie & Beba Bean Hooded Sweater,,"Excellent condition, Lightly used, Unisex baby items Both for $35 or $20 each item Smoke free, pet free home Pick up Royal York & Bloor area",City of Toronto,03/09/2020,2020-10-06 11:49:09.457278
1249602001,/v-baby-clothes-9-12-months/city-of-toronto/brand-new-lacoste-polo-shirts-50-off/1249602001,45.0,Brand New Lacoste Polo Shirts 50% off!,,"Size 1 - stylish for summer wear for older baby or toddler Girls or Boys One never worn, one worn twice Paid over $90 retail for 1/each shirt Selling $45 each or $85 for the pair Smoke free, pet free ...",City of Toronto,03/09/2020,2020-10-06 11:49:09.457822
1521914169,/v-baby-clothes-9-12-months/city-of-toronto/blue-jays-infant-hat-5/1521914169,5.0,Blue jays infant hat $5,,Blue jays cap in great condition Pick up Bayview and Eglinton,City of Toronto,03/09/2020,2020-10-06 11:49:09.458317
1521735260,/v-baby-clothes-9-12-months/city-of-toronto/baby-girl-clothes/1521735260,30.0,Baby girl clothes,,Size 6 to 12 months Desi and casual clothes $3 for each and $30 for all Body suits 2 piece suits Tops Undies cotton And socks.,City of Toronto,02/09/2020,2020-10-06 11:49:09.458823
1521728074,/v-baby-clothes-9-12-months/city-of-toronto/baby-gap-snowsuit/1521728074,35.0,Baby Gap Snowsuit,,Bought as new last year and rarely used. 6-12 months.,City of Toronto,02/09/2020,2020-10-06 11:49:09.459316
1521725854,/v-baby-clothes-9-12-months/city-of-toronto/stride-rite-boots/1521725854,15.0,Stride Rite boots,,First steps boots. Almost not worn. Removable insole to adjust the width. Size 4 (20),City of Toronto,02/09/2020,2020-10-06 11:49:13.670068
1521578592,/v-baby-clothes-9-12-months/city-of-toronto/baby-gap-girls-swimsuit-with-ruffle-straps-6-12-months/1521578592,10.0,Baby Gap Girl's Swimsuit with Ruffle Straps (6-12 months),,$10 Baby Gap Girl's Swimsuit with Ruffle Straps (6-12 months) Excellent condition Porch pickup,City of Toronto,02/09/2020,2020-10-06 11:49:13.670642
1521570691,/v-baby-clothes-9-12-months/city-of-toronto/bnwt-baby-girl-dress/1521570691,15.0,BNWT baby girl dress,,Two brand new dresses. The white and pink one is 9 months and blue and yellow one is 12 months. $15 for both. Pick up only from danforth and victoria park station.,City of Toronto,02/09/2020,2020-10-06 11:49:13.671186
1521402324,/v-baby-clothes-9-12-months/city-of-toronto/snugabye-fleece-zip-sleeper-12-months/1521402324,2.0,Snugabye fleece zip sleeper 12 months,,"Very good condition, smoke-free home",City of Toronto,01/09/2020,2020-10-06 11:49:13.671738
1488053249,/v-baby-clothes-9-12-months/city-of-toronto/baby-boy-disney-bodysuit-for-cold-weather-3pcs-for-15/1488053249,15.0,Baby Boy Disney Bodysuit for cold weather - 3pcs for $15,,In good & very clean condition.,City of Toronto,01/09/2020,2020-10-06 11:49:13.672295
1508957307,/v-baby-clothes-9-12-months/city-of-toronto/baby-bumble-bee-costume/1508957307,20.0,Baby Bumble Bee costume,,Includes wings that attach with Velcro; comes with headband From smoke free and pet free home Size 9-12 months,City of Toronto,31/08/2020,2020-10-06 11:49:13.672833
1521345308,/v-baby-clothes-9-12-months/city-of-toronto/baby-shoes-12-months/1521345308,5.0,Baby shoes (12 months),,"Never worn, never used. Pet/smoke free home Pick up only @ Lakeshore Blvd & Bathurst, Toronto",City of Toronto,31/08/2020,2020-10-06 11:49:13.673362
1521343914,/v-baby-clothes-9-12-months/city-of-toronto/winter-overall-9-12-months/1521343914,5.0,Winter overall (9-12 months),,"Used but in good condition, no tears. The zipper sometimes gets stuck but otherwise works okay. Brand: H&M Pick up: Bathurst / Lakeshore Blvd, Toronto",City of Toronto,31/08/2020,2020-10-06 11:49:13.673905
1481961468,/v-baby-clothes-9-12-months/city-of-toronto/3-piece-santa-suit-12-months/1481961468,15.0,3 Piece Santa Suit - 12 Months,,"Gently used 3 piece velour Santa Suit. Like new, worn once. Size 12 Months $15.00 or best offer",City of Toronto,31/08/2020,2020-10-06 11:49:13.674452
1510769988,/v-baby-clothes-9-12-months/city-of-toronto/oshkosh-baby-sandals-size-3-4-like-new/1510769988,1.0,OshKosh baby sandals size 3-4 Like-new,,Like-new condition,City of Toronto,31/08/2020,2020-10-06 11:49:13.675020
1521234648,/v-baby-clothes-9-12-months/city-of-toronto/gucci-polo-for-baby-size-9-12-mos/1521234648,75.0,Gucci Polo for Baby Size 9-12 mos,,"Authentic Gucci Polo for Baby Boy. Size 9-12 mos. Collared with Bear riding a Vespa. EUC, no stains, from a smoke-free, pet-free home. Freshly laundered. Asking $75. Pick-Up Near Bathurst and St. ...",City of Toronto,31/08/2020,2020-10-06 11:49:13.675863
1463186059,/v-baby-clothes-9-12-months/city-of-toronto/mexx-baby-winter-jacket-new-without-tags-9-12-months/1463186059,13.0,Mexx Baby winter jacket new without tags (9-12 months),,See technical features. Pick up at withrow and Logan avenues or at university ave and king street.,City of Toronto,30/08/2020,2020-10-06 11:49:13.676438
1444422801,/v-baby-clothes-9-12-months/city-of-toronto/quiksilver-rashguard-swim-suit-one-piece-12m/1444422801,15.0,Quiksilver Rashguard swim suit One-Piece 12M,,"GUC lots of swims left in this one! Unisex 12M size 1 Piece, short sleeve NO snaps at the bottom Zipper up the back + velcro tag to hold everything shut Pick up in Midtown",City of Toronto,30/08/2020,2020-10-06 11:49:13.677115
1520969536,/v-baby-clothes-9-12-months/city-of-toronto/infant-booties/1520969536,4.0,Infant booties,,12 month infant booties - dark brown leather with dog and bone.,City of Toronto,30/08/2020,2020-10-06 11:49:13.678820
1520894447,/v-baby-clothes-9-12-months/city-of-toronto/robeez-black-leather-with-superhero/1520894447,2.0,Robeez black leather with superhero,,Size 12months,City of Toronto,29/08/2020,2020-10-06 11:49:13.679342
1500004887,/v-baby-clothes-9-12-months/city-of-toronto/baby-boy-red-shorts-with-braces-12-months/1500004887,10.0,Baby boy red shorts with braces - 12 months,,EUC baby boy red shorts with braces. Soft and light fabric - perfect for use indoors all seasons or outdoors spring/summer. Smoke and pet free home. Pick up Lawrence and Don Mills.,City of Toronto,28/08/2020,2020-10-06 11:49:13.679859
1462934090,/v-baby-clothes-9-12-months/city-of-toronto/ralph-lauren-down-snowsuit-in-perfect-condition-size-12m/1462934090,55.0,Ralph Lauren down snowsuit in perfect condition size 12m,,Barely worn Beautiful and very warm Retails for $170 at Hudson Bay,City of Toronto,28/08/2020,2020-10-06 11:49:13.680387
1520686588,/v-baby-clothes-9-12-months/city-of-toronto/toys-r-us-snow-suit-12-months-15/1520686588,15.0,Toys r us snow suit - 12 months- $15,,"Never worn snow suit, still has the tags,",City of Toronto,28/08/2020,2020-10-06 11:49:13.680906
1520574156,/v-baby-clothes-9-12-months/city-of-toronto/brand-new-baby-fall-winter-clothes-multiple-sizes/1520574156,15.0,Brand New Baby Fall/Winter Clothes - multiple sizes,,"1. BNWT beautiful sweater 6-9m, Mothercare brand excellent quality. Paid around $40. Asking $15 2. BNWT Justice League 3 piece set, 12m - $10 3. Washed but never worn Urban Planet velour onesie, ...",City of Toronto,27/08/2020,2020-10-06 11:49:13.681455
1520564355,/v-baby-clothes-9-12-months/city-of-toronto/timberland-boots-red/1520564355,40.0,Timberland boots RED,,"Timberland boots for girl. New, in box.",City of Toronto,27/08/2020,2020-10-06 11:49:13.681999
1520563171,/v-baby-clothes-9-12-months/city-of-toronto/baby-boy-outfit-12-months/1520563171,20.0,Baby boy outfit 12 months,,Baby boy outfit 12 months Smoke and pet free home,City of Toronto,27/08/2020,2020-10-06 11:49:13.682708
1474005307,/v-baby-clothes-9-12-months/city-of-toronto/swim-trunks-and-rash-guard-6-12m/1474005307,6.0,Swim trunks and rash guard (6-12M),,"Rash guard and swim trunks for sale. Size 6-12M. Great condition. Pet free, smoke free home. Price: $6 for set",City of Toronto,27/08/2020,2020-10-06 11:49:13.683269
1474003674,/v-baby-clothes-9-12-months/city-of-toronto/two-kushies-onesies-12m/1474003674,6.0,Two Kushies onesies (12M),,"Two Kushies onesies for sale. Excellent condition, barely used. Size: 12M. Pet free, smoke free home. Price: $6 for both",City of Toronto,27/08/2020,2020-10-06 11:49:13.683879
1474004977,/v-baby-clothes-9-12-months/city-of-toronto/fleece-lined-jacket-12m/1474004977,7.0,Fleece-lined jacket (12M),,"Fleece-lined jacket for sale. Perfect weight for fall/spring. Size: 12M. Pet free, smoke free home. Excellent condition. Price: $7",City of Toronto,27/08/2020,2020-10-06 11:49:13.684412
1499825310,/v-baby-clothes-9-12-months/city-of-toronto/graphic-onesie-girl-or-boy-6-12mo/1499825310,3.0,"Graphic onesie, girl or boy, 6-12mo",,"Super cute and funny graphic onesie will surely make your family and friends smile! 6-12mo. Gently used, like new condition.",City of Toronto,27/08/2020,2020-10-06 11:49:13.684941
1499911460,/v-baby-clothes-9-12-months/city-of-toronto/baby-cloth/1499911460,7.0,Baby cloth,,Used but in really good condition Pink size - 6-12 month Gray size -6-12 month $ 7each,City of Toronto,27/08/2020,2020-10-06 11:49:13.685493
1509913858,/v-baby-clothes-9-12-months/city-of-toronto/my-daddy-rides-a-harley-size-2-t-shirt/1509913858,10.0,"""MY DADDY RIDES A HARLEY"" size 2 T-SHIRT !",,"""MY DADDY RIDES A HARLEY"" size 2 T-SHIRT - $10.00. Clean & in excellent condition - Call Patrick @ 416-930-8338. Thanks & check out my other posts",City of Toronto,26/08/2020,2020-10-06 11:49:13.686034
1520302092,/v-baby-clothes-9-12-months/city-of-toronto/babylegs-leg-warmers/1520302092,7.0,BabyLegs leg warmers,,From a pet and smoke free home. This is the original Baby Legs. Excellent used condition. Great for when babies are crawling as it provides cushion on their knees/legs.,City of Toronto,26/08/2020,2020-10-06 11:49:13.686623
1499833899,/v-baby-clothes-9-12-months/city-of-toronto/heart-top-mexx-cargo-pants-9-12-months/1499833899,3.0,Heart top & Mexx cargo pants 9-12 months,,"Great condition, smoke-free home",City of Toronto,26/08/2020,2020-10-06 11:49:13.687173
1499499596,/v-baby-clothes-9-12-months/city-of-toronto/baby-clothe/1499499596,8.0,Baby clothe,,Size- 9-12 Good condition $8,City of Toronto,26/08/2020,2020-10-06 11:49:13.687735
1520203347,/v-baby-clothes-9-12-months/city-of-toronto/baby-body-suit-6pcs-age-9-12-months/1520203347,40.0,Baby Body Suit 6pcs (Age 9-12 months),,"High quality brand new baby body suit for sell Total 6pcs Pickup only Location 38 Lee Centre Drive, Scarborough",City of Toronto,26/08/2020,2020-10-06 11:49:13.688247
1351733427,/v-baby-clothes-9-12-months/city-of-toronto/baby-boy-shoes-size-5-9-12m/1351733427,8.0,Baby Boy shoes. Size 5 (9-12M),,"Baby Boy shoes. Size 5 (9-12M) Gymboree, Robeez Like new. $10 each or $15 for bought",City of Toronto,25/08/2020,2020-10-06 11:49:13.688971
1499643176,/v-baby-clothes-9-12-months/city-of-toronto/button-up-cardigans-6-12-months-only-50-each/1499643176,1.0,Button up cardigans 6-12 months - only .50 each!,,"Great condition, smoke-free home",City of Toronto,25/08/2020,2020-10-06 11:49:13.689493
1509491430,/v-baby-clothes-9-12-months/city-of-toronto/carter-s-pink-cat-pants-12-months/1509491430,2.0,Carter’s pink cat pants 12 months,,"Great condition, smoke-free home",City of Toronto,25/08/2020,2020-10-06 11:49:13.690014
1509489240,/v-baby-clothes-9-12-months/city-of-toronto/carter-s-long-sleeve-onesies-12-months/1509489240,2.0,Carter’s long sleeve onesies 12 months,,"Good condition, smoke-free home $2 for all 3",City of Toronto,25/08/2020,2020-10-06 11:49:18.276146
1509548152,/v-baby-clothes-9-12-months/city-of-toronto/kids-fake-faux-tiger-print-jacket-9-12months/1509548152,15.0,Kids Fake Faux tiger print jacket 9-12months,,Fake Faux tiger print jacket 9-12months. Never worn bought it but never got around to putting it on my daughter,City of Toronto,24/08/2020,2020-10-06 11:49:18.276645
1509549229,/v-baby-clothes-9-12-months/city-of-toronto/half-sleeve-fake-faux-gillet-9-12months/1509549229,5.0,Half sleeve fake faux gillet - 9-12months,,Half sleeve fake faux gillet. 9-12Months,City of Toronto,24/08/2020,2020-10-06 11:49:18.277131
1509541620,/v-baby-clothes-9-12-months/city-of-toronto/baby-denim-jacket-9-12-months/1509541620,10.0,Baby Denim Jacket 9-12 Months,,Selling my daughters denim jacket hardly worn. In fact most of the clothes I'm selling have been worn a dozen times max. This jacket is of great quality. Generally items from Next UK are a branded ...,City of Toronto,24/08/2020,2020-10-06 11:49:18.277623
1491394872,/v-baby-clothes-9-12-months/city-of-toronto/euc-12m-red-dress/1491394872,10.0,EUC 12m red dress,,EUC Red Dress 18m. Purchased in Italy. It’s really good quality. Worn twice. $10. Smoke free home. Pick up Port Union/ Lawrence.,City of Toronto,24/08/2020,2020-10-06 11:49:18.278123
1519846789,/v-baby-clothes-9-12-months/city-of-toronto/baby-leg-warmers/1519846789,5.0,Baby leg warmers,,New in package from a pet and smoke free home. Are use these with my kids when I was toilet training them. Also great for kids that crawl around a lot so that their legs are covered. I bought too ...,City of Toronto,24/08/2020,2020-10-06 11:49:18.278826
1499506320,/v-baby-clothes-9-12-months/city-of-toronto/minnie-mouse-plush-snowsuit-6-12-months/1499506320,5.0,Minnie Mouse plush snowsuit 6-12 months,,"Great condition, fits large closer to 12-18 months",City of Toronto,24/08/2020,2020-10-06 11:49:18.279320
1282778526,/v-baby-clothes-9-12-months/city-of-toronto/panda-costume-for-12month-old-only-10/1282778526,10.0,Panda costume for 12month old only $10,,Carter'sPanda costume for Halloween for 12month old but could fit younger as well. It's a warm fleece sweater and pants. Pick up near Bathurst and Steeles.,City of Toronto,24/08/2020,2020-10-06 11:49:18.279819
1132375435,/v-baby-clothes-9-12-months/city-of-toronto/tutu-dress-set/1132375435,25.0,TUTU DRESS SET,,"TUTU SET (BODYSUIT, SHIRT, AND MATCHING HEADBAND) - FITS: 6-12 MONTHS AND 12-24 MONTHS $25 EACH PICK-UP ONLY",City of Toronto,23/08/2020,2020-10-06 11:49:18.280311
1258575824,/v-baby-clothes-9-12-months/city-of-toronto/6-12-months-girls-clothing/1258575824,200.0,6-12 months girls clothing,,"$200 selling as lot baby girls clothing, girls clothes, matching pieces, 6-12 months",City of Toronto,23/08/2020,2020-10-06 11:49:18.280803
1258587667,/v-baby-clothes-9-12-months/city-of-toronto/6-12-months-girls-clothing/1258587667,150.0,6-12 months girls clothing,,$150 selling as lots 6-12 months girls clothing,City of Toronto,23/08/2020,2020-10-06 11:49:18.281296
1488500689,/v-baby-clothes-9-12-months/city-of-toronto/jacket-size-9-12-months/1488500689,15.0,Jacket (size 9-12 months),,"Baby jacket, in excellent condition. Comes from smoke & pet free environment. Asking price $15.",City of Toronto,23/08/2020,2020-10-06 11:49:18.281824
1481022841,/v-baby-clothes-9-12-months/city-of-toronto/new-embroidered-footed-sleeper-disney-vest/1481022841,20.0,New Embroidered Footed Sleeper & Disney Vest,,"1 Baby Embroidered Footed Sleeper (New)  1 Disney Vest (New)  In Scarborough. For pick up only. If interest, please provide meeting appointment to pick up or provide phone number to contact. Thanks",City of Toronto,22/08/2020,2020-10-06 11:49:18.282325
1464647142,/v-baby-clothes-9-12-months/city-of-toronto/brand-new-two-piece-set/1464647142,12.0,Brand new two piece set,,Brand new two piece set from Carter's and Oshkosh. Size 9mths. Smoke and pet free home.,City of Toronto,21/08/2020,2020-10-06 11:49:18.283039
1519224485,/v-baby-clothes-9-12-months/city-of-toronto/zara-baby-winter-jacket/1519224485,30.0,Zara baby winter jacket,,Size 9-12 months (can fit upto 18 months) Used but worn only a handful amount of times in Great condition Selling for $30 OBO,City of Toronto,21/08/2020,2020-10-06 11:49:18.283528
1519075511,/v-baby-clothes-9-12-months/city-of-toronto/romper-9-months/1519075511,5.0,Romper 9 months,,Ralph Lauren. Paid $35 from the bay,City of Toronto,20/08/2020,2020-10-06 11:49:18.284017
1518870980,/v-baby-clothes-9-12-months/city-of-toronto/naturino-leather-shoes-sz-4-5-20-eu/1518870980,30.0,Naturino leather shoes sz.4.5 /20 EU,,"Shoes are in new condition, all leather very soft leather inside , vector closure , rubber sole Excellent for baby’s feet Sz.4.5 US /20 EU / 12.3 cm",City of Toronto,19/08/2020,2020-10-06 11:49:18.284510
1437998997,/v-baby-clothes-9-12-months/city-of-toronto/new-superstar-baby-girl-dress-shoes-size-6/1437998997,10.0,New SUPERSTAR Baby Girl Dress Shoes Size 6,,New SUPERSTAR Baby Girl Dress Shoes Size 6,City of Toronto,19/08/2020,2020-10-06 11:49:18.285000
1518827880,/v-baby-clothes-9-12-months/city-of-toronto/gap-vest/1518827880,25.0,Gap Vest,,Brand new with tags,City of Toronto,18/08/2020,2020-10-06 11:49:18.285488
1498172330,/v-baby-clothes-9-12-months/city-of-toronto/snowsuit-gap/1498172330,30.0,Snowsuit gap,,"Snowsuit gap. Posted in baby items, clothing - 9-12 months in City of Toronto. April 27, 2020",City of Toronto,17/08/2020,2020-10-06 11:49:18.285972
1518556356,/v-baby-clothes-9-12-months/city-of-toronto/euc-baby-gap-flip-flops-6-12m/1518556356,2.0,EUC Baby Gap Flip Flops 6-12M,,Excellent used condition bright green/yellow baby Gap flip flops. Size 6-12M which equates to about a 3.5/4 size. Barely used. Porch pickup near Woodbine/Danforth.,City of Toronto,17/08/2020,2020-10-06 11:49:18.286463
1518556088,/v-baby-clothes-9-12-months/city-of-toronto/used-halo-medium-6-12-months-thin-fleece-sleep-sacks/1518556088,15.0,Used Halo Medium 6-12 Months Thin Fleece Sleep Sacks,,"Two used Halo Sleep Sacks size Medium (6-12 Months). Fair condition - some wear, no obvious stains, zippers work well. Thin fleece, good for spring/fall/winter depending on room temperature. Porch ...",City of Toronto,17/08/2020,2020-10-06 11:49:18.286970
1518555769,/v-baby-clothes-9-12-months/city-of-toronto/guc-babygap-puffer-jacket-6-12-months/1518555769,15.0,GUC BabyGap Puffer Jacket 6-12 Months,,Good used condition metallic grey/silver BabyGap winter puffer jacket. Size 6-12 months. Fleece lined with hood. Porch pickup near Woodbine/Danforth.,City of Toronto,17/08/2020,2020-10-06 11:49:18.287460
1518555081,/v-baby-clothes-9-12-months/city-of-toronto/guc-gap-fleece-suit-6-12-month/1518555081,15.0,GUC Gap Fleece Suit 6-12 Month,,Good used condition white Gap fleece critter suit. Size 6-12 months. Great for use in stroller or car seat during colder months. Footed only - no hand covering. Porch pickup near Woodbine/Danforth.,City of Toronto,17/08/2020,2020-10-06 11:49:18.287953
1518458840,/v-baby-clothes-9-12-months/city-of-toronto/carrier/1518458840,50.0,Carrier,,"Carrier . Posted in baby items, clothing - 9-12 months in City of Toronto. August 16, 2020",City of Toronto,16/08/2020,2020-10-06 11:49:18.288447
1310170359,/v-baby-clothes-9-12-months/city-of-toronto/baby-boy-gap-plaid-lined-shirt-red-blue-size-6-12-months/1310170359,10.0,Baby Boy Gap Plaid Lined Shirt Red/Blue (size 6-12 months),,"Selling cute Baby Gap Plaid Lined Shirt (Red/Blue), 100% cotton, size 6-12 months, in excellent condition. Comes from smoke & pet free home. Asking price $10.",City of Toronto,16/08/2020,2020-10-06 11:49:18.288941
1471337997,/v-baby-clothes-9-12-months/city-of-toronto/the-north-face-alpenglow-baby-winter-boots-size-4/1471337997,45.0,The North Face Alpenglow Baby Winter Boots Size 4,,"BRAND NEW The North Face Baby Alpenglow size 4 winter boots in Ice Blue/Silver Grey colour. Perfect condition. Waterproof, insulated. Comes with original box. Never used - I bought the wrong size. ...",City of Toronto,16/08/2020,2020-10-06 11:49:18.289448
1518356617,/v-baby-clothes-9-12-months/city-of-toronto/carrier/1518356617,50.0,Carrier,,New with out box,City of Toronto,16/08/2020,2020-10-06 11:49:18.289946
1507831020,/v-baby-clothes-9-12-months/city-of-toronto/pekkle-long-sleeves-onesies-for-12-month-olds/1507831020,10.0,Pekkle long sleeves onesies for 12 month olds,,In very good condition. From SFPF home.,City of Toronto,15/08/2020,2020-10-06 11:49:18.290482
1229760664,/v-baby-clothes-9-12-months/city-of-toronto/infant-or-toddler-boy-shoes-various-sizes-and-brands/1229760664,2.0,Infant or toddler boy shoes various sizes and brands,,"Various boy shoes from size 2-4, including very good quality brands such as Stride Rite and Clark's. Each pair of shoes is priced separately. Please see individual photos for prices. If you see the ...",City of Toronto,14/08/2020,2020-10-06 11:49:18.290991
1517937158,/v-baby-clothes-9-12-months/city-of-toronto/baby-snowsuit-patagonia/1517937158,80.0,Baby snowsuit ' Patagonia ',,"Patagonia Brand new 80 dollars retails for 125 plus tax So cute, lovely baby snowsuit! Brand new never used. Great brand n price ***Pick up is by Tom's dairy freeze n momma martinos",City of Toronto,14/08/2020,2020-10-06 11:49:18.291481
1517908597,/v-baby-clothes-9-12-months/city-of-toronto/dress/1517908597,20.0,Dress,,Gently used grey dress,City of Toronto,13/08/2020,2020-10-06 11:49:18.292022
1435811154,/v-baby-clothes-9-12-months/city-of-toronto/1-year-old-sweater-hoodie/1435811154,5.0,1 Year Old Sweater/Hoodie,,"Zip up sweater/hoodie for 1 year old. Still has the tag on it, never used.",City of Toronto,13/08/2020,2020-10-06 11:49:18.292520
1517827494,/v-baby-clothes-9-12-months/city-of-toronto/baby-shoe-size-4/1517827494,10.0,Baby shoe size 4,,I bought it from Walmart around 20$ Good condition,City of Toronto,13/08/2020,2020-10-06 11:49:18.293013
1517795794,/v-baby-clothes-9-12-months/city-of-toronto/burberry-white-button-t-shirt-size-12-months/1517795794,20.0,Burberry White Button T-Shirt -Size 12 months,,Burberry White Button T-Shirt -Size 12 months Gently used in excellent condition Pet free and smoke free home,City of Toronto,13/08/2020,2020-10-06 11:49:18.293505
1459342645,/v-baby-clothes-9-12-months/city-of-toronto/new-gap-6-12-months-great-gift-45/1459342645,35.0,NEW! GAP - 6 - 12 Months - Great Gift!! $45,,"NEW! Great Gift! Size 6-12 months Includes Top, Pants and Blanket! Cozy and Soft! Soft solid color front reverses to stripes. Embroidered Brannan bear at chest and on Blanket. Snap front top ...",City of Toronto,13/08/2020,2020-10-06 11:49:18.293997
1507280011,/v-baby-clothes-9-12-months/city-of-toronto/air-jordan-onesie-12-months-toddler-jordan-hat-euc/1507280011,2.0,Air Jordan onesie 12 months & toddler Jordan hat EUC,,"Excellent condition, onesie washed and unworn, toddler size Jordan hat worn only handful of times. Smoke-free home",City of Toronto,13/08/2020,2020-10-06 11:49:18.294510
1459561359,/v-baby-clothes-9-12-months/city-of-toronto/xtreme-gusti-snow-pants-with-snap-on-boots-12-months/1459561359,15.0,Xtreme Gusti Snow Pants with Snap On Boots 12 months,,Dark navy blue color. Tag SIZE 1 yr/ 12 months old however shoulder strap are adjustable. Pickup in East York,City of Toronto,09/08/2020,2020-10-06 11:49:18.295011
